t,frame_id,x,y,z
1771883268.8923616,base_link,-1.5000157356262207,5.841255187988281e-06,-8.612871170043945e-06
1771883268.894545,base_link,-1.5000157356262207,5.841255187988281e-06,-8.612871170043945e-06
1771883268.898068,base_link,-1.4999983310699463,6.198883056640625e-06,-2.3871660232543945e-05
1771883268.9090257,base_link,-1.4999980926513672,1.6689300537109375e-05,1.1205673217773438e-05
1771883268.9181132,base_link,-1.500007152557373,3.0994415283203125e-06,1.609325408935547e-05
1771883268.9278014,base_link,-1.5000213384628296,1.2993812561035156e-05,-1.6868114471435547e-05
1771883268.9380138,base_link,-1.5000180006027222,-0.00011909008026123047,-0.0010041892528533936
1771883268.9480095,base_link,-1.500012755393982,3.4570693969726562e-06,-4.443526268005371e-05
1771883268.9585059,base_link,-1.5000160932540894,-7.3909759521484375e-06,-3.644824028015137e-05
1771883268.968397,base_link,-1.5000160932540894,-7.3909759521484375e-06,-3.644824028015137e-05
1771883268.978303,base_link,-1.500016689300537,6.9141387939453125e-06,-1.5497207641601562e-06
1771883268.9885118,base_link,-1.5000165700912476,8.58306884765625e-06,2.1696090698242188e-05
1771883268.9990487,base_link,-1.5000189542770386,5.125999450683594e-06,-1.4632940292358398e-05
1771883269.0088322,base_link,-1.5000165700912476,9.298324584960938e-06,-3.263354301452637e-05
1771883269.0183477,base_link,-1.5000098943710327,5.841255187988281e-06,-3.68654727935791e-05
1771883269.0288956,base_link,-1.5000115633010864,5.602836608886719e-06,-2.5272369384765625e-05
1771883269.038979,base_link,-1.500010371208191,1.5974044799804688e-05,-3.6954879760742188e-06
1771883269.0493186,base_link,-1.5000039339065552,2.2649765014648438e-05,3.0934810638427734e-05
1771883269.0587497,base_link,-1.5000112056732178,2.0623207092285156e-05,1.043081283569336e-05
1771883269.0687485,base_link,-1.5000207424163818,1.3947486877441406e-05,-2.3484230041503906e-05
1771883269.0796344,base_link,-1.5000113248825073,8.106231689453125e-06,-3.212690353393555e-05
1771883269.0897834,base_link,-1.5000109672546387,-2.1457672119140625e-06,-3.522634506225586e-05
1771883269.099215,base_link,-1.5000121593475342,5.245208740234375e-06,-1.749396324157715e-05
1771883269.1109874,base_link,-1.5000131130218506,1.4901161193847656e-05,5.543231964111328e-06
1771883269.119898,base_link,-1.5000041723251343,1.5854835510253906e-05,1.4662742614746094e-05
1771883269.1287527,base_link,-1.4999983310699463,2.3126602172851562e-05,1.665949821472168e-05
1771883269.1388028,base_link,-1.4999799728393555,3.075599670410156e-05,-9.328126907348633e-06
1771883269.1488552,base_link,-1.4999297857284546,4.506111145019531e-05,7.331371307373047e-06
1771883269.1588676,base_link,-1.4998822212219238,3.898143768310547e-05,-1.9490718841552734e-05
1771883269.1685135,base_link,-1.499550461769104,-4.410743713378906e-05,0.0011249184608459473
1771883269.1782987,base_link,-1.4997920989990234,4.374980926513672e-05,2.9414892196655273e-05
1771883269.1891086,base_link,-1.4994672536849976,-4.291534423828125e-05,0.0011213123798370361
1771883269.1994245,base_link,-1.499443769454956,-3.266334533691406e-05,0.0011514127254486084
1771883269.2103224,base_link,-1.4995061159133911,-0.00015866756439208984,-0.00024583935737609863
1771883269.219035,base_link,-1.499449372291565,-0.00013649463653564453,-0.00019562244415283203
1771883269.228998,base_link,-1.4994078874588013,-0.00014495849609375,-0.0001913011074066162
1771883269.239345,base_link,-1.4993579387664795,-0.00015938282012939453,-0.00021028518676757812
1771883269.2485912,base_link,-1.4992650747299194,-0.00016105175018310547,-0.00019618868827819824
1771883269.2602823,base_link,-1.4991322755813599,-0.00017583370208740234,-0.0001461803913116455
1771883269.2697747,base_link,-1.4990849494934082,4.398822784423828e-05,-0.00010505318641662598
1771883269.2786708,base_link,-1.4988934993743896,0.00024580955505371094,-0.0005966126918792725
1771883269.2888045,base_link,-1.4985709190368652,0.0002828836441040039,-0.0006173253059387207
1771883269.298795,base_link,-1.498134732246399,-5.0067901611328125e-06,-0.0009327530860900879
1771883269.3096557,base_link,-1.4977731704711914,5.5909156799316406e-05,-0.0009604990482330322
1771883269.3188107,base_link,-1.497564673423767,0.00022411346435546875,-0.0007268190383911133
1771883269.32915,base_link,-1.4968409538269043,-0.00033473968505859375,-0.001822829246520996
1771883269.3383853,base_link,-1.4966084957122803,-0.00016069412231445312,-0.0018194913864135742
1771883269.3497548,base_link,-1.4962220191955566,0.0003122091293334961,-0.0021401643753051758
1771883269.3588035,base_link,-1.4952549934387207,0.00027191638946533203,-0.0013928413391113281
1771883269.3694365,base_link,-1.494950771331787,0.0002884864807128906,-0.00045868754386901855
1771883269.3785434,base_link,-1.494357705116272,0.00019860267639160156,-0.0006990730762481689
1771883269.3883288,base_link,-1.4937424659729004,0.0003255605697631836,-0.0008168518543243408
1771883269.3987472,base_link,-1.4927116632461548,4.2438507080078125e-05,-0.0008910000324249268
1771883269.4088666,base_link,-1.4921443462371826,5.91278076171875e-05,-0.0019562840461730957
1771883269.4195004,base_link,-1.4916273355484009,0.00029218196868896484,-0.0022110939025878906
1771883269.4290566,base_link,-1.4903298616409302,0.0004360675811767578,-0.0005614161491394043
1771883269.4390926,base_link,-1.4892629384994507,0.00019121170043945312,-0.0007025003433227539
1771883269.4506936,base_link,-1.4885815382003784,0.00034821033477783203,-0.0006040036678314209
1771883269.4592338,base_link,-1.4878915548324585,0.00031828880310058594,-0.00143510103225708
1771883269.46871,base_link,-1.4865992069244385,0.0002523660659790039,-0.0012517571449279785
1771883269.4786482,base_link,-1.4852269887924194,0.00025594234466552734,-0.0019588470458984375
1771883269.488649,base_link,-1.4845008850097656,0.0004763603210449219,-0.0015964210033416748
1771883269.4987915,base_link,-1.4837380647659302,0.0005939006805419922,-0.001194685697555542
1771883269.5084152,base_link,-1.4825162887573242,0.00037848949432373047,-0.0011460185050964355
1771883269.5186071,base_link,-1.4810889959335327,0.00024259090423583984,-0.001026839017868042
1771883269.5291781,base_link,-1.4804556369781494,0.0005005598068237305,-0.0026922523975372314
1771883269.5393808,base_link,-1.478835940361023,0.00037920475006103516,-0.0015128552913665771
1771883269.5484493,base_link,-1.4780018329620361,0.0009266138076782227,-0.0008192956447601318
1771883269.5589917,base_link,-1.4768640995025635,0.0007113218307495117,-0.002802342176437378
1771883269.568841,base_link,-1.47524094581604,0.0007683038711547852,-0.0025789737701416016
1771883269.5791643,base_link,-1.474158525466919,0.001110076904296875,-0.0013895928859710693
1771883269.5893764,base_link,-1.4731289148330688,0.0016611814498901367,-0.0010222196578979492
1771883269.599038,base_link,-1.4711318016052246,0.0013859272003173828,-0.0025776028633117676
1771883269.6091266,base_link,-1.4700417518615723,0.0016738176345825195,-0.0024734437465667725
1771883269.6192327,base_link,-1.4684416055679321,0.0015025138854980469,-0.0016088485717773438
1771883269.628864,base_link,-1.4667476415634155,0.0016584396362304688,-0.0012439191341400146
1771883269.6391785,base_link,-1.4655553102493286,0.0019692182540893555,-0.0020614564418792725
1771883269.648589,base_link,-1.46405827999115,0.0020483732223510742,-0.001055598258972168
1771883269.6594617,base_link,-1.4624804258346558,0.0020276308059692383,-0.001295328140258789
1771883269.66898,base_link,-1.4608702659606934,0.0018737316131591797,-0.002529233694076538
1771883269.6784537,base_link,-1.4596104621887207,0.001999378204345703,-0.0010467767715454102
1771883269.6887207,base_link,-1.4577704668045044,0.002030491828918457,-0.0007319152355194092
1771883269.699296,base_link,-1.4561431407928467,0.0018805265426635742,-0.0011152923107147217
1771883269.7095695,base_link,-1.4546653032302856,0.0020813941955566406,-0.0009195804595947266
1771883269.7187333,base_link,-1.4524502754211426,0.0019108057022094727,-0.001219034194946289
1771883269.728631,base_link,-1.4505136013031006,0.0022336244583129883,-0.0022108256816864014
1771883269.738893,base_link,-1.4486417770385742,0.002112150192260742,-0.001806706190109253
1771883269.7487013,base_link,-1.4470841884613037,0.0026928186416625977,-0.001320868730545044
1771883269.7583625,base_link,-1.4449284076690674,0.002724766731262207,-0.002750486135482788
1771883269.768626,base_link,-1.4430477619171143,0.0027304887771606445,-0.0016298294067382812
1771883269.7780378,base_link,-1.4413243532180786,0.0029412508010864258,-0.0019037723541259766
1771883269.7879379,base_link,-1.4393117427825928,0.0026208162307739258,-0.003992736339569092
1771883269.7985384,base_link,-1.4373795986175537,0.0030254125595092773,-0.0019660890102386475
1771883269.8081515,base_link,-1.435322642326355,0.0029965639114379883,-0.00358736515045166
1771883269.817761,base_link,-1.4331125020980835,0.003358006477355957,-0.003398329019546509
1771883269.828122,base_link,-1.4313368797302246,0.00404667854309082,-0.001457899808883667
1771883269.8387883,base_link,-1.4289741516113281,0.0034483671188354492,-0.0033629238605499268
1771883269.8486164,base_link,-1.4270330667495728,0.003667473793029785,-0.002515256404876709
1771883269.8587222,base_link,-1.4249775409698486,0.0040863752365112305,-0.0019140839576721191
1771883269.8698123,base_link,-1.4226716756820679,0.0038492679595947266,-0.0025967955589294434
1771883269.8782797,base_link,-1.420244812965393,0.0038722753524780273,-0.002754807472229004
1771883269.8889124,base_link,-1.4182995557785034,0.004662513732910156,-0.003192901611328125
1771883269.8999696,base_link,-1.415954828262329,0.004332542419433594,-0.0030941367149353027
1771883269.9082937,base_link,-1.4141978025436401,0.004745364189147949,-0.004397034645080566
1771883269.9188366,base_link,-1.411766767501831,0.00490570068359375,-0.0039968788623809814
1771883269.9286964,base_link,-1.4098268747329712,0.005144238471984863,-0.0028868019580841064
1771883269.939152,base_link,-1.4074971675872803,0.005356311798095703,-0.0040368735790252686
1771883269.948413,base_link,-1.4053633213043213,0.005449533462524414,-0.0029659271240234375
1771883269.9582193,base_link,-1.4026334285736084,0.005298495292663574,-0.00402340292930603
1771883269.9681845,base_link,-1.400485634803772,0.005504131317138672,-0.0028289854526519775
1771883269.9783578,base_link,-1.3975813388824463,0.005579352378845215,-0.00370827317237854
1771883269.98875,base_link,-1.3958237171173096,0.005679130554199219,-0.003237307071685791
1771883269.9985206,base_link,-1.392966389656067,0.005901217460632324,-0.003668755292892456
1771883270.0088875,base_link,-1.3906983137130737,0.005789518356323242,-0.0034044981002807617
1771883270.0188673,base_link,-1.3882325887680054,0.006183505058288574,-0.0031901001930236816
1771883270.028699,base_link,-1.3857858180999756,0.006299257278442383,-0.003246515989303589
1771883270.0388904,base_link,-1.3831062316894531,0.006234169006347656,-0.003349393606185913
1771883270.0488954,base_link,-1.3831062316894531,0.006234169006347656,-0.003349393606185913
1771883270.0590374,base_link,-1.3791701793670654,0.006968975067138672,-0.004157692193984985
1771883270.0689673,base_link,-1.3767670392990112,0.007145881652832031,-0.0033604800701141357
1771883270.0785887,base_link,-1.3741393089294434,0.006579041481018066,-0.003778129816055298
1771883270.0894108,base_link,-1.3720451593399048,0.006855130195617676,-0.0027574896812438965
1771883270.0989723,base_link,-1.3693861961364746,0.007017254829406738,-0.0036412477493286133
1771883270.1083498,base_link,-1.367088794708252,0.007013916969299316,-0.003403276205062866
1771883270.1187925,base_link,-1.3643593788146973,0.006546735763549805,-0.005317330360412598
1771883270.1285987,base_link,-1.3624440431594849,0.0076105594635009766,-0.0032429099082946777
1771883270.1385014,base_link,-1.35983145236969,0.007501959800720215,-0.003350973129272461
1771883270.1502607,base_link,-1.3575630187988281,0.007486581802368164,-0.003657788038253784
1771883270.159179,base_link,-1.3550235033035278,0.007708072662353516,-0.003833085298538208
1771883270.1686082,base_link,-1.3528331518173218,0.00781095027923584,-0.003840625286102295
1771883270.1788044,base_link,-1.350221872329712,0.007930636405944824,-0.0037097930908203125
1771883270.1888406,base_link,-1.3482557535171509,0.008026361465454102,-0.004127234220504761
1771883270.1987476,base_link,-1.3456486463546753,0.008225560188293457,-0.003994852304458618
1771883270.2096386,base_link,-1.3433895111083984,0.007921457290649414,-0.004829496145248413
1771883270.2189112,base_link,-1.3410871028900146,0.008410096168518066,-0.004080593585968018
1771883270.2287402,base_link,-1.3390010595321655,0.008702278137207031,-0.005077362060546875
1771883270.239271,base_link,-1.3364284038543701,0.008530974388122559,-0.003990083932876587
1771883270.249288,base_link,-1.3340568542480469,0.008563041687011719,-0.0051763951778411865
1771883270.2599504,base_link,-1.331573247909546,0.008664488792419434,-0.004087716341018677
1771883270.2688684,base_link,-1.329315423965454,0.008880257606506348,-0.005521327257156372
1771883270.2788439,base_link,-1.326601505279541,0.009053468704223633,-0.004555761814117432
1771883270.2884395,base_link,-1.324607014656067,0.009656548500061035,-0.003882110118865967
1771883270.2983801,base_link,-1.3216757774353027,0.009488463401794434,-0.005246609449386597
1771883270.3084655,base_link,-1.3196214437484741,0.009625077247619629,-0.004402369260787964
1771883270.3185675,base_link,-1.3170167207717896,0.009310722351074219,-0.004953712224960327
1771883270.3284209,base_link,-1.315010905265808,0.00974726676940918,-0.00439000129699707
1771883270.3389664,base_link,-1.3123706579208374,0.009543776512145996,-0.005137801170349121
1771883270.3484986,base_link,-1.310590147972107,0.010088205337524414,-0.0048256516456604
1771883270.359189,base_link,-1.3076318502426147,0.009931564331054688,-0.006060391664505005
1771883270.368888,base_link,-1.3051847219467163,0.00997006893157959,-0.005368977785110474
1771883270.378552,base_link,-1.303337812423706,0.010085582733154297,-0.004821151494979858
1771883270.388349,base_link,-1.3008588552474976,0.010336995124816895,-0.0067247748374938965
1771883270.3983934,base_link,-1.2981945276260376,0.010689377784729004,-0.0049457848072052
1771883270.409332,base_link,-1.2962831258773804,0.011185288429260254,-0.006602466106414795
1771883270.4184961,base_link,-1.2935454845428467,0.011158466339111328,-0.004928559064865112
1771883270.4283838,base_link,-1.2907499074935913,0.011129021644592285,-0.007213592529296875
1771883270.4398205,base_link,-1.2887179851531982,0.011150121688842773,-0.005083680152893066
1771883270.448717,base_link,-1.2859725952148438,0.010916709899902344,-0.006434500217437744
1771883270.4591577,base_link,-1.2838667631149292,0.010901212692260742,-0.005606263875961304
1771883270.4684722,base_link,-1.2815266847610474,0.010792136192321777,-0.005396664142608643
1771883270.4784188,base_link,-1.2794584035873413,0.011345744132995605,-0.005514979362487793
1771883270.4882896,base_link,-1.277255654335022,0.011248350143432617,-0.005902707576751709
1771883270.4983594,base_link,-1.2749725580215454,0.011734604835510254,-0.0068080127239227295
1771883270.5090814,base_link,-1.2749725580215454,0.011734604835510254,-0.0068080127239227295
1771883270.5194914,base_link,-1.2703295946121216,0.0119551420211792,-0.005620837211608887
1771883270.528358,base_link,-1.2675925493240356,0.012039780616760254,-0.005697280168533325
1771883270.5383463,base_link,-1.2656347751617432,0.012276649475097656,-0.005402982234954834
1771883270.5486164,base_link,-1.2631975412368774,0.012574076652526855,-0.005421817302703857
1771883270.558468,base_link,-1.2606406211853027,0.012436151504516602,-0.005692213773727417
1771883270.569099,base_link,-1.2581734657287598,0.012329936027526855,-0.007717132568359375
1771883270.5786192,base_link,-1.255639910697937,0.01239633560180664,-0.005935072898864746
1771883270.5884452,base_link,-1.253111720085144,0.01276099681854248,-0.007179856300354004
1771883270.5983882,base_link,-1.2511409521102905,0.012449145317077637,-0.006191879510879517
1771883270.6083808,base_link,-1.2485440969467163,0.012719511985778809,-0.0059313178062438965
1771883270.618343,base_link,-1.2464746236801147,0.012863397598266602,-0.005654364824295044
1771883270.6285,base_link,-1.243933081626892,0.01305079460144043,-0.006050020456314087
1771883270.6385214,base_link,-1.2418879270553589,0.013359904289245605,-0.007648885250091553
1771883270.6490262,base_link,-1.2389277219772339,0.01327061653137207,-0.006633728742599487
1771883270.6597812,base_link,-1.236564040184021,0.013646364212036133,-0.007072329521179199
1771883270.6689172,base_link,-1.2341303825378418,0.01358950138092041,-0.006243646144866943
1771883270.6786444,base_link,-1.2317817211151123,0.01390528678894043,-0.006910413503646851
1771883270.6890414,base_link,-1.2291737794876099,0.013950824737548828,-0.00643002986907959
1771883270.6987734,base_link,-1.2269142866134644,0.013959288597106934,-0.006630510091781616
1771883270.7089052,base_link,-1.2240984439849854,0.013904213905334473,-0.006686091423034668
1771883270.7190666,base_link,-1.2220778465270996,0.014288902282714844,-0.006652206182479858
1771883270.7290313,base_link,-1.2192491292953491,0.01452946662902832,-0.007652610540390015
1771883270.7386549,base_link,-1.2174681425094604,0.01474606990814209,-0.00644075870513916
1771883270.748686,base_link,-1.2150442600250244,0.014756083488464355,-0.00833633542060852
1771883270.758797,base_link,-1.2128050327301025,0.014775395393371582,-0.007440000772476196
1771883270.7686963,base_link,-1.2103785276412964,0.015041112899780273,-0.0070213377475738525
1771883270.7785444,base_link,-1.2081787586212158,0.014808416366577148,-0.00831758975982666
1771883270.7886653,base_link,-1.2055188417434692,0.01538538932800293,-0.006992310285568237
1771883270.7997322,base_link,-1.2035123109817505,0.015781164169311523,-0.008488893508911133
1771883270.8096364,base_link,-1.2004839181900024,0.015422821044921875,-0.006864309310913086
1771883270.8183112,base_link,-1.197768211364746,0.015059828758239746,-0.008732467889785767
1771883270.8287268,base_link,-1.195695400238037,0.015757322311401367,-0.0072852373123168945
1771883270.8390071,base_link,-1.1923695802688599,0.015528440475463867,-0.005872279405593872
1771883270.8489993,base_link,-1.1923695802688599,0.015528440475463867,-0.005872279405593872
1771883270.858786,base_link,-1.188104271888733,0.016046881675720215,-0.0074928998947143555
1771883270.8728373,base_link,-1.18572998046875,0.016234278678894043,-0.007489919662475586
1771883270.8786068,base_link,-1.18572998046875,0.016234278678894043,-0.007489919662475586
1771883270.8884082,base_link,-1.1811397075653076,0.016594886779785156,-0.007425576448440552
1771883270.900771,base_link,-1.178542971611023,0.016440391540527344,-0.00738254189491272
1771883270.9085112,base_link,-1.1765798330307007,0.016481995582580566,-0.00728955864906311
1771883270.9183228,base_link,-1.1737878322601318,0.016370415687561035,-0.007155686616897583
1771883270.9284189,base_link,-1.1716493368148804,0.01668679714202881,-0.00708770751953125
1771883270.9387913,base_link,-1.1684783697128296,0.01639378070831299,-0.006350219249725342
1771883270.9484112,base_link,-1.166443943977356,0.016831040382385254,-0.008896499872207642
1771883270.9583344,base_link,-1.1638425588607788,0.01669168472290039,-0.00795280933380127
1771883270.9693246,base_link,-1.1617610454559326,0.0172119140625,-0.007294654846191406
1771883270.9787285,base_link,-1.1592334508895874,0.01742708683013916,-0.009035259485244751
1771883270.988601,base_link,-1.15658700466156,0.01742708683013916,-0.0076590776443481445
1771883270.999067,base_link,-1.154175043106079,0.017501115798950195,-0.009689420461654663
1771883271.0083942,base_link,-1.1518921852111816,0.017433524131774902,-0.007887989282608032
1771883271.0184495,base_link,-1.1492050886154175,0.017777681350708008,-0.008125603199005127
1771883271.0289266,base_link,-1.1471956968307495,0.018276095390319824,-0.007856309413909912
1771883271.038505,base_link,-1.144624948501587,0.017701148986816406,-0.008479475975036621
1771883271.048864,base_link,-1.1425671577453613,0.018212199211120605,-0.009704142808914185
1771883271.0592957,base_link,-1.139715552330017,0.017967939376831055,-0.008218646049499512
1771883271.0683258,base_link,-1.1375646591186523,0.018720626831054688,-0.00953519344329834
1771883271.078708,base_link,-1.1348305940628052,0.01853477954864502,-0.008038908243179321
1771883271.088272,base_link,-1.1326695680618286,0.0188826322555542,-0.00978231430053711
1771883271.0985856,base_link,-1.1296969652175903,0.01889634132385254,-0.0080527663230896
1771883271.1082451,base_link,-1.126855492591858,0.018535971641540527,-0.008611083030700684
1771883271.1183944,base_link,-1.124754786491394,0.019185662269592285,-0.0076919496059417725
1771883271.1285696,base_link,-1.124754786491394,0.019185662269592285,-0.0076919496059417725
1771883271.1383712,base_link,-1.1195746660232544,0.018795371055603027,-0.009602367877960205
1771883271.14822,base_link,-1.1171269416809082,0.01922905445098877,-0.008386611938476562
1771883271.159343,base_link,-1.1152887344360352,0.019422054290771484,-0.00864475965499878
1771883271.1682963,base_link,-1.1126573085784912,0.019652366638183594,-0.008860528469085693
1771883271.1783562,base_link,-1.1126573085784912,0.019652366638183594,-0.008860528469085693
1771883271.1889346,base_link,-1.1078184843063354,0.019539475440979004,-0.0088711678981781
1771883271.1984718,base_link,-1.105609655380249,0.02002859115600586,-0.008564174175262451
1771883271.2082794,base_link,-1.103113055229187,0.01994931697845459,-0.00849151611328125
1771883271.2186542,base_link,-1.100683331489563,0.02066206932067871,-0.008461833000183105
1771883271.2287655,base_link,-1.0984268188476562,0.020851731300354004,-0.010614365339279175
1771883271.2391522,base_link,-1.095971941947937,0.020659208297729492,-0.009995490312576294
1771883271.2483585,base_link,-1.09309983253479,0.020775794982910156,-0.008313298225402832
1771883271.258378,base_link,-1.0904979705810547,0.020444273948669434,-0.008941292762756348
1771883271.268996,base_link,-1.0884205102920532,0.020439863204956055,-0.00963631272315979
1771883271.2784686,base_link,-1.085666298866272,0.020294785499572754,-0.00887906551361084
1771883271.289212,base_link,-1.083316683769226,0.02048671245574951,-0.008835405111312866
1771883271.298372,base_link,-1.080976963043213,0.020806074142456055,-0.009344637393951416
1771883271.308288,base_link,-1.0786195993423462,0.020629525184631348,-0.009512007236480713
1771883271.3188286,base_link,-1.0762203931808472,0.021070361137390137,-0.009275436401367188
1771883271.3288295,base_link,-1.0735992193222046,0.021267175674438477,-0.009696990251541138
1771883271.3385632,base_link,-1.0708553791046143,0.021080613136291504,-0.010810524225234985
1771883271.3483522,base_link,-1.0686612129211426,0.021517276763916016,-0.009185969829559326
1771883271.358289,base_link,-1.0659904479980469,0.021676063537597656,-0.00964576005935669
1771883271.369146,base_link,-1.0636484622955322,0.021705985069274902,-0.010635405778884888
1771883271.3784206,base_link,-1.0609451532363892,0.021689891815185547,-0.00965273380279541
1771883271.3882987,base_link,-1.0591927766799927,0.021932482719421387,-0.011246263980865479
1771883271.399018,base_link,-1.0558910369873047,0.022136926651000977,-0.00953790545463562
1771883271.4095044,base_link,-1.0536034107208252,0.022464752197265625,-0.009552627801895142
1771883271.4185886,base_link,-1.0510746240615845,0.022459030151367188,-0.010270863771438599
1771883271.4291716,base_link,-1.0488746166229248,0.022394657135009766,-0.010077029466629028
1771883271.4387856,base_link,-1.046663761138916,0.022777915000915527,-0.011360406875610352
1771883271.4485595,base_link,-1.0441750288009644,0.023048877716064453,-0.010565727949142456
1771883271.459381,base_link,-1.0418775081634521,0.02301812171936035,-0.01024484634399414
1771883271.46862,base_link,-1.0393469333648682,0.02322089672088623,-0.010254383087158203
1771883271.4784741,base_link,-1.03693687915802,0.023151755332946777,-0.01020851731300354
1771883271.4895997,base_link,-1.034230351448059,0.02325916290283203,-0.009768486022949219
1771883271.499061,base_link,-1.0319393873214722,0.02322852611541748,-0.010888814926147461
1771883271.50887,base_link,-1.0290443897247314,0.023566007614135742,-0.010574132204055786
1771883271.518614,base_link,-1.026924729347229,0.023477792739868164,-0.010444790124893188
1771883271.5288968,base_link,-1.0245760679244995,0.023430943489074707,-0.011854022741317749
1771883271.5387533,base_link,-1.0218254327774048,0.023903608322143555,-0.01071786880493164
1771883271.5489032,base_link,-1.0195897817611694,0.024307727813720703,-0.010418444871902466
1771883271.558757,base_link,-1.0177565813064575,0.02403545379638672,-0.011826783418655396
1771883271.5687253,base_link,-1.0150953531265259,0.02455425262451172,-0.010983407497406006
1771883271.5789504,base_link,-1.0126556158065796,0.024411916732788086,-0.011437684297561646
1771883271.5886018,base_link,-1.0104703903198242,0.02458643913269043,-0.012339502573013306
1771883271.5996642,base_link,-1.0078765153884888,0.02460324764251709,-0.011184751987457275
1771883271.609048,base_link,-1.0052671432495117,0.0250779390335083,-0.011001229286193848
1771883271.619603,base_link,-1.0026187896728516,0.02541518211364746,-0.01097378134727478
1771883271.6285481,base_link,-1.000193476676941,0.025015711784362793,-0.01235535740852356
1771883271.6383889,base_link,-0.9973957538604736,0.025674939155578613,-0.010838717222213745
1771883271.6489248,base_link,-0.9946243762969971,0.025122404098510742,-0.012286543846130371
1771883271.6595438,base_link,-0.9923043251037598,0.025783181190490723,-0.011517524719238281
1771883271.6684237,base_link,-0.9898871183395386,0.025566577911376953,-0.01114538311958313
1771883271.6783543,base_link,-0.9873030185699463,0.025858283042907715,-0.012382447719573975
1771883271.6891928,base_link,-0.984695315361023,0.025956153869628906,-0.01152801513671875
1771883271.6984265,base_link,-0.9825024604797363,0.026090621948242188,-0.011699020862579346
1771883271.7083423,base_link,-0.9800889492034912,0.026073813438415527,-0.011954277753829956
1771883271.7192516,base_link,-0.9777524471282959,0.02567732334136963,-0.012989014387130737
1771883271.7289553,base_link,-0.9755009412765503,0.026729226112365723,-0.01107698678970337
1771883271.7387447,base_link,-0.9731858968734741,0.026581883430480957,-0.012227952480316162
1771883271.749147,base_link,-0.9706568717956543,0.02627086639404297,-0.011612564325332642
1771883271.7594566,base_link,-0.9678226709365845,0.026199936866760254,-0.01154106855392456
1771883271.7691057,base_link,-0.9653255939483643,0.026785612106323242,-0.011788100004196167
1771883271.7786846,base_link,-0.9627269506454468,0.026942729949951172,-0.011217296123504639
1771883271.7886617,base_link,-0.9603356122970581,0.027134299278259277,-0.011436283588409424
1771883271.7990441,base_link,-0.9576243162155151,0.026965022087097168,-0.012073695659637451
1771883271.8095832,base_link,-0.9554681777954102,0.02665555477142334,-0.013135164976119995
1771883271.8185613,base_link,-0.952918529510498,0.027016162872314453,-0.011702507734298706
1771883271.828429,base_link,-0.9509429931640625,0.027196645736694336,-0.011781126260757446
1771883271.8384435,base_link,-0.9484699964523315,0.0270845890045166,-0.012062400579452515
1771883271.8482995,base_link,-0.9461770057678223,0.027575135231018066,-0.012251168489456177
1771883271.8586073,base_link,-0.9435338973999023,0.027571916580200195,-0.012835472822189331
1771883271.8688283,base_link,-0.9410098791122437,0.02730846405029297,-0.013635367155075073
1771883271.88041,base_link,-0.9387085437774658,0.027570366859436035,-0.011995881795883179
1771883271.8884802,base_link,-0.9360779523849487,0.02801382541656494,-0.012502431869506836
1771883271.8987272,base_link,-0.933606743812561,0.02775704860687256,-0.013455063104629517
1771883271.9106636,base_link,-0.9312167167663574,0.028266191482543945,-0.01217043399810791
1771883271.9186878,base_link,-0.9284087419509888,0.02825450897216797,-0.012090295553207397
1771883271.9287245,base_link,-0.9260866641998291,0.028494715690612793,-0.01218271255493164
1771883271.939076,base_link,-0.9235736131668091,0.028427839279174805,-0.012255251407623291
1771883271.9487946,base_link,-0.9235736131668091,0.028427839279174805,-0.012255251407623291
1771883271.9588516,base_link,-0.9210126399993896,0.02832818031311035,-0.013014256954193115
1771883271.969603,base_link,-0.916351318359375,0.028459548950195312,-0.013037830591201782
1771883271.9786592,base_link,-0.9148247241973877,0.028298020362854004,-0.01436665654182434
1771883271.9886408,base_link,-0.9148247241973877,0.028298020362854004,-0.01436665654182434
1771883271.9986503,base_link,-0.9089034795761108,0.029807209968566895,-0.012876927852630615
1771883272.0086567,base_link,-0.9062832593917847,0.02935004234313965,-0.013644307851791382
1771883272.0187101,base_link,-0.9040776491165161,0.030076265335083008,-0.01234850287437439
1771883272.0292118,base_link,-0.9013675451278687,0.02976250648498535,-0.012999534606933594
1771883272.039003,base_link,-0.8987871408462524,0.029388070106506348,-0.014295101165771484
1771883272.048799,base_link,-0.8959851264953613,0.029498934745788574,-0.011795252561569214
1771883272.0594165,base_link,-0.8934742212295532,0.029505372047424316,-0.01255747675895691
1771883272.0685527,base_link,-0.8908276557922363,0.02952861785888672,-0.012479066848754883
1771883272.0787625,base_link,-0.888900876045227,0.029513955116271973,-0.012944191694259644
1771883272.0885766,base_link,-0.8863723278045654,0.029824376106262207,-0.013364255428314209
1771883272.0985334,base_link,-0.8840456008911133,0.02994680404663086,-0.013894081115722656
1771883272.1092231,base_link,-0.8816040754318237,0.030251741409301758,-0.01234099268913269
1771883272.1186378,base_link,-0.8796054124832153,0.03048837184906006,-0.01503327488899231
1771883272.1285644,base_link,-0.8762214183807373,0.030585289001464844,-0.012768715620040894
1771883272.1386135,base_link,-0.874426007270813,0.030472159385681152,-0.01271146535873413
1771883272.150461,base_link,-0.8719882965087891,0.030293822288513184,-0.013732075691223145
1771883272.158725,base_link,-0.8690483570098877,0.03040456771850586,-0.014137834310531616
1771883272.1684647,base_link,-0.8667730093002319,0.030393481254577637,-0.013521760702133179
1771883272.1788979,base_link,-0.8640023469924927,0.030429840087890625,-0.01370885968208313
1771883272.1886184,base_link,-0.8615273237228394,0.030620932579040527,-0.014249294996261597
1771883272.1986701,base_link,-0.8615273237228394,0.030620932579040527,-0.014249294996261597
1771883272.2090216,base_link,-0.8590517044067383,0.03066122531890869,-0.013830304145812988
1771883272.2198496,base_link,-0.8540962934494019,0.03132939338684082,-0.014402419328689575
1771883272.2290204,base_link,-0.8524060249328613,0.03235912322998047,-0.01397848129272461
1771883272.238636,base_link,-0.8524060249328613,0.03235912322998047,-0.01397848129272461
1771883272.2486665,base_link,-0.8524060249328613,0.03235912322998047,-0.01397848129272461
1771883272.2587264,base_link,-0.8470027446746826,0.03164863586425781,-0.015142321586608887
1771883272.2686806,base_link,-0.8420336246490479,0.03166937828063965,-0.01445654034614563
1771883272.2787254,base_link,-0.8395141363143921,0.03168797492980957,-0.01487705111503601
1771883272.2887456,base_link,-0.8372242450714111,0.03188586235046387,-0.014277040958404541
1771883272.2986722,base_link,-0.8343033790588379,0.032259464263916016,-0.014252275228500366
1771883272.3101206,base_link,-0.8314076662063599,0.0329892635345459,-0.014125227928161621
1771883272.3188171,base_link,-0.8290756940841675,0.03277087211608887,-0.013641834259033203
1771883272.328706,base_link,-0.8290756940841675,0.03277087211608887,-0.013641834259033203
1771883272.3390572,base_link,-0.823053240776062,0.03275597095489502,-0.013161987066268921
1771883272.348655,base_link,-0.823053240776062,0.03275597095489502,-0.013161987066268921
1771883272.358833,base_link,-0.8188265562057495,0.03274869918823242,-0.013299137353897095
1771883272.3684397,base_link,-0.8165620565414429,0.03301560878753662,-0.014929115772247314
1771883272.3791223,base_link,-0.8145601749420166,0.03267669677734375,-0.014730572700500488
1771883272.3887844,base_link,-0.8121988773345947,0.03284132480621338,-0.015011340379714966
1771883272.3983068,base_link,-0.8093580007553101,0.03346455097198486,-0.014752835035324097
1771883272.4097795,base_link,-0.8093580007553101,0.03346455097198486,-0.014752835035324097
1771883272.418742,base_link,-0.8093580007553101,0.03346455097198486,-0.014752835035324097
1771883272.4284785,base_link,-0.8019782304763794,0.03360414505004883,-0.016575783491134644
1771883272.4385815,base_link,-0.7986055612564087,0.03411257266998291,-0.012116938829421997
1771883272.4487276,base_link,-0.7962305545806885,0.03396296501159668,-0.013036280870437622
1771883272.459551,base_link,-0.7937889099121094,0.03351294994354248,-0.014522373676300049
1771883272.4688134,base_link,-0.7913328409194946,0.033496975898742676,-0.01509171724319458
1771883272.4786212,base_link,-0.7890958786010742,0.03371453285217285,-0.014253765344619751
1771883272.488979,base_link,-0.7866421937942505,0.033528923988342285,-0.014436960220336914
1771883272.498828,base_link,-0.7837514877319336,0.03441464900970459,-0.013225018978118896
1771883272.5085213,base_link,-0.781112790107727,0.03449296951293945,-0.013829737901687622
1771883272.5194318,base_link,-0.778606653213501,0.035376548767089844,-0.012168198823928833
1771883272.528377,base_link,-0.7759627103805542,0.03520917892456055,-0.0125579833984375
1771883272.5384195,base_link,-0.7743984460830688,0.03520488739013672,-0.01444917917251587
1771883272.5491164,base_link,-0.7716069221496582,0.035222649574279785,-0.014107078313827515
1771883272.5585465,base_link,-0.7691129446029663,0.03470885753631592,-0.014841586351394653
1771883272.5690622,base_link,-0.7665119171142578,0.034891486167907715,-0.014549970626831055
1771883272.5787327,base_link,-0.7638823986053467,0.03500163555145264,-0.01512843370437622
1771883272.58858,base_link,-0.7618337869644165,0.034905076026916504,-0.015190958976745605
1771883272.5983675,base_link,-0.7593941688537598,0.034897804260253906,-0.015206128358840942
1771883272.6082854,base_link,-0.7562899589538574,0.036525607109069824,-0.013497591018676758
1771883272.6186357,base_link,-0.7540639638900757,0.036214351654052734,-0.01398777961730957
1771883272.6296816,base_link,-0.7514004707336426,0.03632676601409912,-0.01418459415435791
1771883272.6388123,base_link,-0.7492691278457642,0.03611409664154053,-0.014722257852554321
1771883272.648538,base_link,-0.7492691278457642,0.03611409664154053,-0.014722257852554321
1771883272.659326,base_link,-0.7492691278457642,0.03611409664154053,-0.014722257852554321
1771883272.6684713,base_link,-0.7492691278457642,0.03611409664154053,-0.014722257852554321
1771883272.679405,base_link,-0.7492691278457642,0.03611409664154053,-0.014722257852554321
1771883272.6883543,base_link,-0.7365289926528931,0.037508606910705566,-0.014335066080093384
1771883272.6983936,base_link,-0.7338718175888062,0.03755772113800049,-0.013985157012939453
1771883272.7085881,base_link,-0.7338718175888062,0.03755772113800049,-0.013985157012939453
1771883272.7185075,base_link,-0.7287225723266602,0.03783905506134033,-0.013984054327011108
1771883272.7283733,base_link,-0.7259780168533325,0.0374377965927124,-0.014092803001403809
1771883272.7386076,base_link,-0.7235327959060669,0.03786003589630127,-0.014259636402130127
1771883272.7484424,base_link,-0.7200144529342651,0.037142038345336914,-0.013118714094161987
1771883272.759291,base_link,-0.7200144529342651,0.037142038345336914,-0.013118714094161987
1771883272.7690015,base_link,-0.7163522243499756,0.036165714263916016,-0.015003293752670288
1771883272.7785814,base_link,-0.7134836912155151,0.03761255741119385,-0.014388561248779297
1771883272.7884562,base_link,-0.711184024810791,0.036725640296936035,-0.015219032764434814
1771883272.798376,base_link,-0.7086787223815918,0.03705298900604248,-0.014845013618469238
1771883272.8083274,base_link,-0.7062193155288696,0.03682577610015869,-0.015313923358917236
1771883272.818641,base_link,-0.7027066946029663,0.039473652839660645,-0.011746883392333984
1771883272.8283038,base_link,-0.7027066946029663,0.039473652839660645,-0.011746883392333984
1771883272.8384984,base_link,-0.7027066946029663,0.039473652839660645,-0.011746883392333984
1771883272.8483698,base_link,-0.6954901218414307,0.038750529289245605,-0.014930278062820435
1771883272.8583057,base_link,-0.6924165487289429,0.03987586498260498,-0.013377904891967773
1771883272.8687396,base_link,-0.6924165487289429,0.03987586498260498,-0.013377904891967773
1771883272.8805268,base_link,-0.6869145631790161,0.04051613807678223,-0.012320458889007568
1771883272.8884308,base_link,-0.6867872476577759,0.03751564025878906,-0.016591519117355347
1771883272.898383,base_link,-0.6867872476577759,0.03751564025878906,-0.016591519117355347
1771883272.9083002,base_link,-0.6807034015655518,0.04035186767578125,-0.014214575290679932
1771883272.9209383,base_link,-0.6785660982131958,0.039650678634643555,-0.014817088842391968
1771883272.928588,base_link,-0.6757698059082031,0.04009830951690674,-0.014423906803131104
1771883272.9384658,base_link,-0.6739357709884644,0.039591193199157715,-0.015448004007339478
1771883272.9486167,base_link,-0.6697530746459961,0.039577364921569824,-0.012988895177841187
1771883272.9592729,base_link,-0.6677999496459961,0.04034256935119629,-0.013105660676956177
1771883272.9682622,base_link,-0.6677999496459961,0.04034256935119629,-0.013105660676956177
1771883272.9783318,base_link,-0.6626050472259521,0.04033172130584717,-0.013842940330505371
1771883272.9884174,base_link,-0.659375786781311,0.04248082637786865,-0.011452019214630127
1771883272.9988,base_link,-0.6579114198684692,0.04133808612823486,-0.014827460050582886
1771883273.0081835,base_link,-0.6554388999938965,0.04244506359100342,-0.013064682483673096
1771883273.0185442,base_link,-0.6531641483306885,0.04091334342956543,-0.015631496906280518
1771883273.0284061,base_link,-0.6506973505020142,0.04085373878479004,-0.014972925186157227
1771883273.0383883,base_link,-0.6481692790985107,0.04137265682220459,-0.015049189329147339
1771883273.0483723,base_link,-0.6457635164260864,0.04113316535949707,-0.01534929871559143
1771883273.0592062,base_link,-0.6422868967056274,0.042125821113586426,-0.013567686080932617
1771883273.0684717,base_link,-0.6401325464248657,0.04265332221984863,-0.014043092727661133
1771883273.079434,base_link,-0.6379274129867554,0.04146850109100342,-0.014009594917297363
1771883273.0883124,base_link,-0.6351621150970459,0.04237377643585205,-0.01401674747467041
1771883273.0984404,base_link,-0.6327793598175049,0.04024159908294678,-0.01585593819618225
1771883273.1087716,base_link,-0.6301923990249634,0.04284060001373291,-0.015049576759338379
1771883273.118509,base_link,-0.6269893646240234,0.04254043102264404,-0.012469291687011719
1771883273.128412,base_link,-0.6219407320022583,0.04211461544036865,-0.009563535451889038
1771883273.139445,base_link,-0.6219407320022583,0.04211461544036865,-0.009563535451889038
1771883273.149968,base_link,-0.6171589493751526,0.043356895446777344,-0.010806530714035034
1771883273.1585739,base_link,-0.6176472902297974,0.04303693771362305,-0.014489233493804932
1771883273.168357,base_link,-0.6176472902297974,0.04303693771362305,-0.014489233493804932
1771883273.1788056,base_link,-0.6176472902297974,0.04303693771362305,-0.014489233493804932
1771883273.1888387,base_link,-0.6176472902297974,0.04303693771362305,-0.014489233493804932
1771883273.1985116,base_link,-0.6176472902297974,0.04303693771362305,-0.014489233493804932
1771883273.2094276,base_link,-0.6176472902297974,0.04303693771362305,-0.014489233493804932
1771883273.218468,base_link,-0.6024781465530396,0.04340779781341553,-0.01638147234916687
1771883273.2284107,base_link,-0.600059449672699,0.043805837631225586,-0.015944868326187134
1771883273.2388277,base_link,-0.5971977710723877,0.04454350471496582,-0.014150470495223999
1771883273.2484205,base_link,-0.5947505235671997,0.043877601623535156,-0.01591259241104126
1771883273.2583163,base_link,-0.5921072959899902,0.04421818256378174,-0.015054106712341309
1771883273.269016,base_link,-0.5898840427398682,0.04217863082885742,-0.017170816659927368
1771883273.2784042,base_link,-0.5874421000480652,0.04244053363800049,-0.01695200800895691
1771883273.288838,base_link,-0.5848484039306641,0.04474437236785889,-0.01625707745552063
1771883273.2991176,base_link,-0.5823957324028015,0.04462325572967529,-0.016366571187973022
1771883273.308539,base_link,-0.5803216099739075,0.04314112663269043,-0.01742878556251526
1771883273.318355,base_link,-0.5803216099739075,0.04314112663269043,-0.01742878556251526
1771883273.3284924,base_link,-0.5754424333572388,0.04499006271362305,-0.01675376296043396
1771883273.3386507,base_link,-0.572823166847229,0.04550445079803467,-0.01584804058074951
1771883273.34848,base_link,-0.5704773664474487,0.04492306709289551,-0.01695367693901062
1771883273.35833,base_link,-0.5679047107696533,0.04537689685821533,-0.01608961820602417
1771883273.368437,base_link,-0.5653430223464966,0.04458034038543701,-0.017301231622695923
1771883273.3784206,base_link,-0.5623817443847656,0.045780062675476074,-0.015804529190063477
1771883273.3889437,base_link,-0.56036776304245,0.043862342834472656,-0.01741081476211548
1771883273.3985558,base_link,-0.5575050115585327,0.043120503425598145,-0.018211692571640015
1771883273.4092686,base_link,-0.5550132989883423,0.04671347141265869,-0.015701264142990112
1771883273.4192448,base_link,-0.5525124073028564,0.04404628276824951,-0.017940044403076172
1771883273.429403,base_link,-0.5505868792533875,0.04604232311248779,-0.01748061180114746
1771883273.4383905,base_link,-0.5479474663734436,0.04668402671813965,-0.0163688063621521
1771883273.4489193,base_link,-0.5456245541572571,0.04621767997741699,-0.01748371124267578
1771883273.45945,base_link,-0.5456245541572571,0.04621767997741699,-0.01748371124267578
1771883273.4685087,base_link,-0.541096031665802,0.04630839824676514,-0.017237186431884766
1771883273.4792907,base_link,-0.5378106236457825,0.04449594020843506,-0.01939132809638977
1771883273.4905303,base_link,-0.5353588461875916,0.04465460777282715,-0.018474549055099487
1771883273.4986272,base_link,-0.5353588461875916,0.04465460777282715,-0.018474549055099487
1771883273.5099392,base_link,-0.5353588461875916,0.04465460777282715,-0.018474549055099487
1771883273.5185492,base_link,-0.5353588461875916,0.04465460777282715,-0.018474549055099487
1771883273.5283983,base_link,-0.5353588461875916,0.04465460777282715,-0.018474549055099487
1771883273.53943,base_link,-0.5353588461875916,0.04465460777282715,-0.018474549055099487
1771883273.54851,base_link,-0.5219212174415588,0.04521620273590088,-0.02021840214729309
1771883273.5594754,base_link,-0.5219212174415588,0.04521620273590088,-0.02021840214729309
1771883273.568546,base_link,-0.5219212174415588,0.04521620273590088,-0.02021840214729309
1771883273.578926,base_link,-0.5219212174415588,0.04521620273590088,-0.02021840214729309
1771883273.5888765,base_link,-0.5219212174415588,0.04521620273590088,-0.02021840214729309
1771883273.5986488,base_link,-0.5219212174415588,0.04521620273590088,-0.02021840214729309
1771883273.6094742,base_link,-0.5052230358123779,0.04773831367492676,-0.018098682165145874
1771883273.6195548,base_link,-0.5052230358123779,0.04773831367492676,-0.018098682165145874
1771883273.628887,base_link,-0.5052230358123779,0.04773831367492676,-0.018098682165145874
1771883273.639526,base_link,-0.5052230358123779,0.04773831367492676,-0.018098682165145874
1771883273.6486704,base_link,-0.4949072599411011,0.048975348472595215,-0.01667502522468567
1771883273.6595724,base_link,-0.4926729202270508,0.04859519004821777,-0.0173417329788208
1771883273.6690762,base_link,-0.49053794145584106,0.04824399948120117,-0.018115878105163574
1771883273.6788597,base_link,-0.4880969524383545,0.048098206520080566,-0.018217861652374268
1771883273.688538,base_link,-0.48561710119247437,0.048175692558288574,-0.018962949514389038
1771883273.698656,base_link,-0.4834302067756653,0.04849433898925781,-0.018257439136505127
1771883273.7090287,base_link,-0.48085761070251465,0.047055959701538086,-0.019500792026519775
1771883273.7195652,base_link,-0.4783923029899597,0.04785740375518799,-0.018527626991271973
1771883273.7283704,base_link,-0.4759067893028259,0.04724395275115967,-0.019683539867401123
1771883273.738738,base_link,-0.4759067893028259,0.04724395275115967,-0.019683539867401123
1771883273.7486534,base_link,-0.4759067893028259,0.04724395275115967,-0.019683539867401123
1771883273.7586453,base_link,-0.4676087498664856,0.04966402053833008,-0.018457800149917603
1771883273.7690902,base_link,-0.4654361605644226,0.04967629909515381,-0.01876091957092285
1771883273.7785764,base_link,-0.4626777768135071,0.049155354499816895,-0.01927855610847473
1771883273.788592,base_link,-0.4606167674064636,0.049277544021606445,-0.01925620436668396
1771883273.800857,base_link,-0.4606167674064636,0.049277544021606445,-0.01925620436668396
1771883273.8088398,base_link,-0.4554954171180725,0.04826247692108154,-0.019857287406921387
1771883273.8188703,base_link,-0.4527975916862488,0.04927098751068115,-0.018803656101226807
1771883273.828682,base_link,-0.4506567716598511,0.051146745681762695,-0.017939507961273193
1771883273.8400555,base_link,-0.44803184270858765,0.04850304126739502,-0.02138093113899231
1771883273.8486753,base_link,-0.44560718536376953,0.04994034767150879,-0.01900133490562439
1771883273.8593633,base_link,-0.44560718536376953,0.04994034767150879,-0.01900133490562439
1771883273.868601,base_link,-0.44075173139572144,0.05083608627319336,-0.019458413124084473
1771883273.88122,base_link,-0.4376816749572754,0.051203250885009766,-0.018683254718780518
1771883273.8886478,base_link,-0.43512624502182007,0.05002188682556152,-0.01854977011680603
1771883273.8983734,base_link,-0.43238866329193115,0.05166816711425781,-0.018195629119873047
1771883273.9087002,base_link,-0.430092453956604,0.05118262767791748,-0.0191819965839386
1771883273.9184337,base_link,-0.4281749129295349,0.04914689064025879,-0.024342596530914307
1771883273.9306364,base_link,-0.4281749129295349,0.04914689064025879,-0.024342596530914307
1771883273.939566,base_link,-0.4231029748916626,0.049323201179504395,-0.02441123127937317
1771883273.9488044,base_link,-0.4231029748916626,0.049323201179504395,-0.02441123127937317
1771883273.960795,base_link,-0.4231029748916626,0.049323201179504395,-0.02441123127937317
1771883273.968578,base_link,-0.4231029748916626,0.049323201179504395,-0.02441123127937317
1771883273.9788399,base_link,-0.4132727384567261,0.05289101600646973,-0.018584519624710083
1771883273.9886458,base_link,-0.4132727384567261,0.05289101600646973,-0.018584519624710083
1771883273.9985566,base_link,-0.4132727384567261,0.05289101600646973,-0.018584519624710083
1771883274.0085442,base_link,-0.4132727384567261,0.05289101600646973,-0.018584519624710083
1771883274.01852,base_link,-0.4132727384567261,0.05289101600646973,-0.018584519624710083
1771883274.0284855,base_link,-0.4132727384567261,0.05289101600646973,-0.018584519624710083
1771883274.039548,base_link,-0.4132727384567261,0.05289101600646973,-0.018584519624710083
1771883274.0484478,base_link,-0.39493370056152344,0.05202484130859375,-0.022550612688064575
1771883274.0591977,base_link,-0.39493370056152344,0.05202484130859375,-0.022550612688064575
1771883274.0687697,base_link,-0.39044415950775146,0.05159175395965576,-0.020747333765029907
1771883274.078493,base_link,-0.38774704933166504,0.05230581760406494,-0.02001291513442993
1771883274.0884197,base_link,-0.3852177858352661,0.054123759269714355,-0.01904582977294922
1771883274.0983968,base_link,-0.38323068618774414,0.05348372459411621,-0.02047860622406006
1771883274.108394,base_link,-0.3805193305015564,0.05405008792877197,-0.019608348608016968
1771883274.1186814,base_link,-0.3780854344367981,0.05420732498168945,-0.019503861665725708
1771883274.1287208,base_link,-0.3754621148109436,0.05230295658111572,-0.02102181315422058
1771883274.1384501,base_link,-0.3730570673942566,0.05253183841705322,-0.020811498165130615
1771883274.148372,base_link,-0.3700791597366333,0.052434682846069336,-0.020959556102752686
1771883274.1584227,base_link,-0.3673308491706848,0.0531466007232666,-0.02151218056678772
1771883274.1688116,base_link,-0.3646771311759949,0.05384385585784912,-0.01980528235435486
1771883274.178375,base_link,-0.3624793291091919,0.05314290523529053,-0.02088475227355957
1771883274.188681,base_link,-0.3601264953613281,0.054743170738220215,-0.020202964544296265
1771883274.19891,base_link,-0.35767310857772827,0.054724812507629395,-0.020366579294204712
1771883274.2083752,base_link,-0.35511428117752075,0.05492281913757324,-0.020185619592666626
1771883274.218576,base_link,-0.3529108762741089,0.05523085594177246,-0.0200289785861969
1771883274.228275,base_link,-0.35052651166915894,0.0544663667678833,-0.021213293075561523
1771883274.2383316,base_link,-0.34825289249420166,0.05516469478607178,-0.020381778478622437
1771883274.2486944,base_link,-0.34528541564941406,0.053835153579711914,-0.021527260541915894
1771883274.258335,base_link,-0.34292709827423096,0.05392491817474365,-0.02127605676651001
1771883274.2682908,base_link,-0.34007251262664795,0.05428576469421387,-0.021226435899734497
1771883274.2794237,base_link,-0.33723539113998413,0.054335832595825195,-0.021148860454559326
1771883274.2882922,base_link,-0.3343338370323181,0.05673384666442871,-0.019527137279510498
1771883274.2982583,base_link,-0.33206242322921753,0.05464315414428711,-0.02104392647743225
1771883274.3087513,base_link,-0.32917189598083496,0.054168701171875,-0.02190813422203064
1771883274.3184328,base_link,-0.327462375164032,0.05630218982696533,-0.020426124334335327
1771883274.3282743,base_link,-0.32427823543548584,0.05504870414733887,-0.02127590775489807
1771883274.3386974,base_link,-0.3223794102668762,0.05481576919555664,-0.02050161361694336
1771883274.348549,base_link,-0.3196106553077698,0.055528998374938965,-0.019868671894073486
1771883274.3583438,base_link,-0.3169557452201843,0.05589187145233154,-0.019877582788467407
1771883274.3683043,base_link,-0.3149048686027527,0.05539214611053467,-0.02627083659172058
1771883274.3786204,base_link,-0.3149048686027527,0.05539214611053467,-0.02627083659172058
1771883274.3888855,base_link,-0.3149048686027527,0.05539214611053467,-0.02627083659172058
1771883274.3984408,base_link,-0.3149048686027527,0.05539214611053467,-0.02627083659172058
1771883274.4091504,base_link,-0.3149048686027527,0.05539214611053467,-0.02627083659172058
1771883274.419449,base_link,-0.30136311054229736,0.05747246742248535,-0.020288407802581787
1771883274.4289596,base_link,-0.2988072633743286,0.0559922456741333,-0.02505400776863098
1771883274.4391203,base_link,-0.29663991928100586,0.05675029754638672,-0.02127593755722046
1771883274.448759,base_link,-0.2938907742500305,0.056958794593811035,-0.021472185850143433
1771883274.4591072,base_link,-0.2920362949371338,0.0575098991394043,-0.020515024662017822
1771883274.4688027,base_link,-0.2892821431159973,0.05620145797729492,-0.022611558437347412
1771883274.478674,base_link,-0.28704434633255005,0.0565183162689209,-0.021326333284378052
1771883274.4889402,base_link,-0.28399568796157837,0.056401610374450684,-0.022603899240493774
1771883274.499309,base_link,-0.28215134143829346,0.05648338794708252,-0.02235051989555359
1771883274.508701,base_link,-0.27906131744384766,0.05673789978027344,-0.022555917501449585
1771883274.5191998,base_link,-0.27706092596054077,0.05649864673614502,-0.022694647312164307
1771883274.5287764,base_link,-0.27418631315231323,0.056913018226623535,-0.023022770881652832
1771883274.5387564,base_link,-0.2715757489204407,0.05909228324890137,-0.020466774702072144
1771883274.5489807,base_link,-0.26920580863952637,0.05835890769958496,-0.02178746461868286
1771883274.5593336,base_link,-0.26679497957229614,0.05886054039001465,-0.02117091417312622
1771883274.5686665,base_link,-0.2642599940299988,0.05927252769470215,-0.021103739738464355
1771883274.5789652,base_link,-0.26194214820861816,0.05840766429901123,-0.022311657667160034
1771883274.5884316,base_link,-0.25916022062301636,0.05931687355041504,-0.021231234073638916
1771883274.5983663,base_link,-0.257268488407135,0.05763435363769531,-0.023634523153305054
1771883274.608239,base_link,-0.2548014521598816,0.05765652656555176,-0.02744010090827942
1771883274.6185129,base_link,-0.25182199478149414,0.057289958000183105,-0.027185678482055664
1771883274.6287072,base_link,-0.24993103742599487,0.057309508323669434,-0.02715533971786499
1771883274.638628,base_link,-0.24698978662490845,0.058341145515441895,-0.027179628610610962
1771883274.6487987,base_link,-0.24698978662490845,0.058341145515441895,-0.027179628610610962
1771883274.658719,base_link,-0.24188315868377686,0.05759882926940918,-0.026601403951644897
1771883274.6683524,base_link,-0.24188315868377686,0.05759882926940918,-0.026601403951644897
1771883274.6787043,base_link,-0.23665249347686768,0.06048905849456787,-0.021747827529907227
1771883274.6884375,base_link,-0.23399966955184937,0.057963013648986816,-0.02700391411781311
1771883274.6985755,base_link,-0.23193544149398804,0.06031179428100586,-0.02247220277786255
1771883274.7088223,base_link,-0.22875231504440308,0.05844688415527344,-0.024669736623764038
1771883274.7185233,base_link,-0.2267194390296936,0.05886244773864746,-0.02458217740058899
1771883274.7291102,base_link,-0.2239001989364624,0.059952378273010254,-0.023628294467926025
1771883274.738488,base_link,-0.22187942266464233,0.061777472496032715,-0.02270740270614624
1771883274.7479854,base_link,-0.2193126678466797,0.06008553504943848,-0.0244138240814209
1771883274.7578142,base_link,-0.2193126678466797,0.06008553504943848,-0.0244138240814209
1771883274.76746,base_link,-0.2148665189743042,0.059746384620666504,-0.02742081880569458
1771883274.777466,base_link,-0.2124636173248291,0.06015503406524658,-0.028910040855407715
1771883274.788129,base_link,-0.2124636173248291,0.06015503406524658,-0.028910040855407715
1771883274.7980058,base_link,-0.20588678121566772,0.06071364879608154,-0.02580973505973816
1771883274.808417,base_link,-0.20588678121566772,0.06071364879608154,-0.02580973505973816
1771883274.8182626,base_link,-0.20128607749938965,0.06221270561218262,-0.028126001358032227
1771883274.8281827,base_link,-0.20128607749938965,0.06221270561218262,-0.028126001358032227
1771883274.8384652,base_link,-0.1960243582725525,0.0627753734588623,-0.028354614973068237
1771883274.8487065,base_link,-0.19398236274719238,0.06379950046539307,-0.023832499980926514
1771883274.858969,base_link,-0.19398236274719238,0.06379950046539307,-0.023832499980926514
1771883274.868857,base_link,-0.19398236274719238,0.06379950046539307,-0.023832499980926514
1771883274.8785405,base_link,-0.1870899796485901,0.06260204315185547,-0.02856159210205078
1771883274.8907483,base_link,-0.1870899796485901,0.06260204315185547,-0.02856159210205078
1771883274.8988268,base_link,-0.18138080835342407,0.06418538093566895,-0.02763262391090393
1771883274.9094012,base_link,-0.17901557683944702,0.06300520896911621,-0.028176337480545044
1771883274.9192846,base_link,-0.17582911252975464,0.06471443176269531,-0.027852624654769897
1771883274.9283211,base_link,-0.17582911252975464,0.06471443176269531,-0.027852624654769897
1771883274.9403832,base_link,-0.17120486497879028,0.0638742446899414,-0.028793811798095703
1771883274.9484346,base_link,-0.17120486497879028,0.0638742446899414,-0.028793811798095703
1771883274.9583926,base_link,-0.16606605052947998,0.06571364402770996,-0.028960704803466797
1771883274.9684284,base_link,-0.16606605052947998,0.06571364402770996,-0.028960704803466797
1771883274.9784734,base_link,-0.16131293773651123,0.06574034690856934,-0.028927862644195557
1771883274.988414,base_link,-0.16131293773651123,0.06574034690856934,-0.028927862644195557
1771883274.9984446,base_link,-0.15664392709732056,0.06491303443908691,-0.029374897480010986
1771883275.0098417,base_link,-0.15664392709732056,0.06491303443908691,-0.029374897480010986
1771883275.0185676,base_link,-0.15120840072631836,0.06541800498962402,-0.0284845232963562
1771883275.0284123,base_link,-0.14883702993392944,0.06583511829376221,-0.02845466136932373
1771883275.0384467,base_link,-0.14883702993392944,0.06583511829376221,-0.02845466136932373
1771883275.0490155,base_link,-0.14336729049682617,0.06833064556121826,-0.024036258459091187
1771883275.0593565,base_link,-0.14336729049682617,0.06833064556121826,-0.024036258459091187
1771883275.0683386,base_link,-0.14336729049682617,0.06833064556121826,-0.024036258459091187
1771883275.0793078,base_link,-0.13573437929153442,0.06682157516479492,-0.028966128826141357
1771883275.0884151,base_link,-0.13314390182495117,0.06799972057342529,-0.024188846349716187
1771883275.098576,base_link,-0.13055530190467834,0.06728971004486084,-0.0267142653465271
1771883275.108824,base_link,-0.1277255415916443,0.06809413433074951,-0.02635684609413147
1771883275.118467,base_link,-0.1256560981273651,0.06878781318664551,-0.02609887719154358
1771883275.1286225,base_link,-0.12283194065093994,0.06858313083648682,-0.02661997079849243
1771883275.138687,base_link,-0.12079867720603943,0.0691218376159668,-0.0265791118144989
1771883275.148564,base_link,-0.11834031343460083,0.0705944299697876,-0.02558574080467224
1771883275.1588721,base_link,-0.11582675576210022,0.07054495811462402,-0.02537819743156433
1771883275.1683595,base_link,-0.11328533291816711,0.07085025310516357,-0.025069862604141235
1771883275.1786668,base_link,-0.11070501804351807,0.07037484645843506,-0.026062875986099243
1771883275.1883652,base_link,-0.10762074589729309,0.06954419612884521,-0.026778846979141235
1771883275.1983488,base_link,-0.10548222064971924,0.07027435302734375,-0.025865882635116577
1771883275.2086685,base_link,-0.10243257880210876,0.07083821296691895,-0.026990801095962524
1771883275.2183807,base_link,-0.10027995705604553,0.07032954692840576,-0.02736559510231018
1771883275.2284036,base_link,-0.09750258922576904,0.07112812995910645,-0.027046114206314087
1771883275.2393095,base_link,-0.09540671110153198,0.07060110569000244,-0.027633339166641235
1771883275.2484236,base_link,-0.09308063983917236,0.07036983966827393,-0.030076920986175537
1771883275.2584279,base_link,-0.09091320633888245,0.07134556770324707,-0.03023231029510498
1771883275.2690413,base_link,-0.08811086416244507,0.07027006149291992,-0.03007236123085022
1771883275.278424,base_link,-0.08583647012710571,0.07113897800445557,-0.0307314395904541
1771883275.2883508,base_link,-0.0827573835849762,0.07171332836151123,-0.02762550115585327
1771883275.2986639,base_link,-0.08029511570930481,0.07230758666992188,-0.026615679264068604
1771883275.3084464,base_link,-0.07737883925437927,0.0728762149810791,-0.027775675058364868
1771883275.3195195,base_link,-0.07504779100418091,0.07280516624450684,-0.0274602472782135
1771883275.3282788,base_link,-0.07250389456748962,0.07295632362365723,-0.02863985300064087
1771883275.3386233,base_link,-0.07002806663513184,0.07281637191772461,-0.028738021850585938
1771883275.3488016,base_link,-0.06708896160125732,0.07358765602111816,-0.028290092945098877
1771883275.3592873,base_link,-0.06553348898887634,0.07514691352844238,-0.02697792649269104
1771883275.3690648,base_link,-0.06327801942825317,0.07573473453521729,-0.026290297508239746
1771883275.378746,base_link,-0.060718685388565063,0.07617223262786865,-0.026117533445358276
1771883275.3889518,base_link,-0.05744171142578125,0.07435548305511475,-0.02839803695678711
1771883275.3987195,base_link,-0.05498427152633667,0.07520592212677002,-0.028219133615493774
1771883275.409515,base_link,-0.05211195349693298,0.07476818561553955,-0.02861875295639038
1771883275.4187665,base_link,-0.04972773790359497,0.07566654682159424,-0.027344971895217896
1771883275.4287179,base_link,-0.04671025276184082,0.07610011100769043,-0.02822321653366089
1771883275.438671,base_link,-0.04498353600502014,0.07723033428192139,-0.02716812491416931
1771883275.448596,base_link,-0.04185792803764343,0.07698404788970947,-0.02689722180366516
1771883275.4595451,base_link,-0.03987908363342285,0.0781022310256958,-0.026597440242767334
1771883275.4688158,base_link,-0.036923348903656006,0.07680010795593262,-0.029490679502487183
1771883275.479689,base_link,-0.03446340560913086,0.07704901695251465,-0.03291329741477966
1771883275.488626,base_link,-0.03149819374084473,0.07745838165283203,-0.029080748558044434
1771883275.4985697,base_link,-0.0294438898563385,0.07695257663726807,-0.029575586318969727
1771883275.5087228,base_link,-0.02697131037712097,0.0774914026260376,-0.029557496309280396
1771883275.519043,base_link,-0.02390226721763611,0.07745468616485596,-0.029497921466827393
1771883275.5284388,base_link,-0.021670281887054443,0.07776331901550293,-0.02936464548110962
1771883275.538814,base_link,-0.01871037483215332,0.07777154445648193,-0.029866427183151245
1771883275.5484993,base_link,-0.016333580017089844,0.07797932624816895,-0.0326196551322937
1771883275.559385,base_link,-0.014031440019607544,0.07814407348632812,-0.03293520212173462
1771883275.5683029,base_link,-0.011644959449768066,0.07963287830352783,-0.028939396142959595
1771883275.5784245,base_link,-0.011644959449768066,0.07963287830352783,-0.028939396142959595
1771883275.5884717,base_link,-0.006223201751708984,0.07831430435180664,-0.03086027503013611
1771883275.5984197,base_link,-0.004472106695175171,0.07995474338531494,-0.034948885440826416
1771883275.6085205,base_link,-0.001365363597869873,0.07931160926818848,-0.030058443546295166
1771883275.618864,base_link,0.0006197988986968994,0.07992780208587646,-0.028978943824768066
1771883275.6286557,base_link,0.0034235119819641113,0.08004379272460938,-0.02976548671722412
1771883275.638696,base_link,0.005156606435775757,0.07997465133666992,-0.02917790412902832
1771883275.6485143,base_link,0.007707715034484863,0.07962977886199951,-0.03012603521347046
1771883275.6593518,base_link,0.009760230779647827,0.0798957347869873,-0.029485702514648438
1771883275.6688328,base_link,0.012263000011444092,0.08096480369567871,-0.02792978286743164
1771883275.6784358,base_link,0.014264047145843506,0.07986199855804443,-0.03005322813987732
1771883275.6888165,base_link,0.01639455556869507,0.08104252815246582,-0.028446197509765625
1771883275.6984563,base_link,0.018042385578155518,0.08089649677276611,-0.029746323823928833
1771883275.7083054,base_link,0.019762903451919556,0.08090329170227051,-0.029432624578475952
1771883275.7184367,base_link,0.022045284509658813,0.08081471920013428,-0.030183374881744385
1771883275.7288377,base_link,0.023970097303390503,0.0820547342300415,-0.028951197862625122
1771883275.738567,base_link,0.02687850594520569,0.0801917314529419,-0.03138887882232666
1771883275.7487276,base_link,0.029004991054534912,0.08053410053253174,-0.031177103519439697
1771883275.7592618,base_link,0.03130233287811279,0.08073079586029053,-0.0319250226020813
1771883275.7687867,base_link,0.03299844264984131,0.08157813549041748,-0.0307675302028656
1771883275.7785552,base_link,0.035331904888153076,0.08087599277496338,-0.03177306056022644
1771883275.7886174,base_link,0.037257254123687744,0.08162331581115723,-0.031138330698013306
1771883275.7993028,base_link,0.039533138275146484,0.08088159561157227,-0.031787365674972534
1771883275.8084385,base_link,0.04135429859161377,0.08092141151428223,-0.03187751770019531
1771883275.818803,base_link,0.043239593505859375,0.08100378513336182,-0.03140684962272644
1771883275.8284154,base_link,0.043239593505859375,0.08100378513336182,-0.03140684962272644
1771883275.838819,base_link,0.045414477586746216,0.08172941207885742,-0.0309542715549469
1771883275.8486023,base_link,0.04689741134643555,0.08060038089752197,-0.034067302942276
1771883275.85924,base_link,0.04848116636276245,0.07960700988769531,-0.03552132844924927
1771883275.8686426,base_link,0.05299684405326843,0.08034086227416992,-0.031860560178756714
1771883275.8787355,base_link,0.0536479651927948,0.07995045185089111,-0.03671544790267944
1771883275.890882,base_link,0.05598342418670654,0.0809791088104248,-0.03477546572685242
1771883275.8985925,base_link,0.05741432309150696,0.08203303813934326,-0.03055432438850403
1771883275.9085252,base_link,0.06003314256668091,0.0815267562866211,-0.03167727589607239
1771883275.9185688,base_link,0.06100836396217346,0.08344721794128418,-0.02935492992401123
1771883275.929409,base_link,0.06297454237937927,0.08191728591918945,-0.03207629919052124
1771883275.9405172,base_link,0.06447961926460266,0.08261775970458984,-0.03055661916732788
1771883275.9484365,base_link,0.06635558605194092,0.08211708068847656,-0.03231823444366455
1771883275.9585755,base_link,0.06791013479232788,0.08257627487182617,-0.031231731176376343
1771883275.9683657,base_link,0.06987980008125305,0.08270716667175293,-0.032659173011779785
1771883275.9789624,base_link,0.071383535861969,0.08206343650817871,-0.03193223476409912
1771883275.9894686,base_link,0.07308831810951233,0.08218097686767578,-0.03210821747779846
1771883275.9988272,base_link,0.07458028197288513,0.08223676681518555,-0.03218165040016174
1771883276.0083067,base_link,0.07625606656074524,0.0819171667098999,-0.032081544399261475
1771883276.0188189,base_link,0.0776742696762085,0.08210837841033936,-0.031819552183151245
1771883276.0291302,base_link,0.07924732565879822,0.08282661437988281,-0.030511975288391113
1771883276.038289,base_link,0.08118787407875061,0.08200705051422119,-0.03217151761054993
1771883276.0483916,base_link,0.08274152874946594,0.08216738700866699,-0.03231954574584961
1771883276.0592906,base_link,0.084114670753479,0.08186781406402588,-0.03411325812339783
1771883276.0683796,base_link,0.08544725179672241,0.08200538158416748,-0.03467628359794617
1771883276.0784044,base_link,0.08678260445594788,0.08235466480255127,-0.03462207317352295
1771883276.0884054,base_link,0.08848211169242859,0.08194279670715332,-0.03402680158615112
1771883276.0983422,base_link,0.09002617001533508,0.08197367191314697,-0.03423610329627991
1771883276.1087935,base_link,0.09093615412712097,0.08250081539154053,-0.03520834445953369
1771883276.118921,base_link,0.09261766076087952,0.08250689506530762,-0.03273254632949829
1771883276.128344,base_link,0.09398475289344788,0.08307886123657227,-0.03236183524131775
1771883276.1393387,base_link,0.09523305296897888,0.08310341835021973,-0.03246697783470154
1771883276.1494634,base_link,0.09664735198020935,0.08282303810119629,-0.032911717891693115
1771883276.1590054,base_link,0.09783238172531128,0.08369100093841553,-0.03213927149772644
1771883276.1692948,base_link,0.09904789924621582,0.08325695991516113,-0.032621145248413086
1771883276.178466,base_link,0.10029006004333496,0.08328783512115479,-0.03260532021522522
1771883276.1883612,base_link,0.1013898253440857,0.08332550525665283,-0.03261694312095642
1771883276.199879,base_link,0.10241541266441345,0.08346664905548096,-0.0325104296207428
1771883276.2083268,base_link,0.10328489542007446,0.08324313163757324,-0.031764060258865356
1771883276.2184067,base_link,0.10494804382324219,0.08255887031555176,-0.03351718187332153
1771883276.2294226,base_link,0.10602021217346191,0.08367514610290527,-0.03242605924606323
1771883276.2383838,base_link,0.1069902777671814,0.08276712894439697,-0.03328105807304382
1771883276.248547,base_link,0.10819622874259949,0.0833665132522583,-0.032349586486816406
1771883276.260344,base_link,0.10929042100906372,0.08339691162109375,-0.03236466646194458
1771883276.2685022,base_link,0.11049985885620117,0.08408093452453613,-0.03203657269477844
1771883276.2783172,base_link,0.11166638135910034,0.08404195308685303,-0.03185147047042847
1771883276.288276,base_link,0.11249327659606934,0.08385670185089111,-0.032070428133010864
1771883276.2988076,base_link,0.11291339993476868,0.08611583709716797,-0.029731035232543945
1771883276.3094358,base_link,0.11436301469802856,0.08377361297607422,-0.03261956572532654
1771883276.318652,base_link,0.1150837242603302,0.08380627632141113,-0.03275737166404724
1771883276.3289728,base_link,0.11584824323654175,0.08372831344604492,-0.032806843519210815
1771883276.3386145,base_link,0.11663535237312317,0.08385968208312988,-0.032795339822769165
1771883276.3486276,base_link,0.11712059378623962,0.08589828014373779,-0.030665993690490723
1771883276.359014,base_link,0.1185789704322815,0.0850290060043335,-0.03067585825920105
1771883276.3687246,base_link,0.11850807070732117,0.08598268032073975,-0.030775398015975952
1771883276.3787036,base_link,0.11919084191322327,0.08606982231140137,-0.030691027641296387
1771883276.388747,base_link,0.12039750814437866,0.0841362476348877,-0.03361824154853821
1771883276.398679,base_link,0.12167714536190033,0.08387601375579834,-0.0369076132774353
1771883276.4089363,base_link,0.12239453196525574,0.08385741710662842,-0.036989301443099976
1771883276.418674,base_link,0.12196475267410278,0.08518791198730469,-0.03194078803062439
1771883276.4284732,base_link,0.12261146306991577,0.08504748344421387,-0.03205388784408569
1771883276.4391134,base_link,0.12394283711910248,0.08415675163269043,-0.03608149290084839
1771883276.4487083,base_link,0.1245296448469162,0.08443713188171387,-0.035589128732681274
1771883276.4593801,base_link,0.12469543516635895,0.0848691463470459,-0.03345957398414612
1771883276.4686863,base_link,0.12532538175582886,0.08572757244110107,-0.032661616802215576
1771883276.4786787,base_link,0.12572108209133148,0.08590555191040039,-0.03259146213531494
1771883276.4886165,base_link,0.12690092623233795,0.08599519729614258,-0.030915141105651855
1771883276.4987092,base_link,0.12732651829719543,0.08598911762237549,-0.03098735213279724
1771883276.509242,base_link,0.12834666669368744,0.08577120304107666,-0.03248041868209839
1771883276.5186281,base_link,0.12854965031147003,0.08542442321777344,-0.033256202936172485
1771883276.5287497,base_link,0.12896446883678436,0.0855635404586792,-0.03333529829978943
1771883276.5387216,base_link,0.12937699258327484,0.08575046062469482,-0.03335365653038025
1771883276.5486856,base_link,0.12984134256839752,0.08582603931427002,-0.03321307897567749
1771883276.5585544,base_link,0.1301104724407196,0.08588027954101562,-0.033358603715896606
1771883276.5684805,base_link,0.1304944008588791,0.08611452579498291,-0.0333787202835083
1771883276.578624,base_link,0.1309823840856552,0.08645403385162354,-0.03329119086265564
1771883276.58849,base_link,0.13118162751197815,0.08635258674621582,-0.032325685024261475
1771883276.59889,base_link,0.13211269676685333,0.0860300064086914,-0.03396964073181152
1771883276.6090944,base_link,0.13251851499080658,0.08693242073059082,-0.033130943775177
1771883276.6184566,base_link,0.13279782235622406,0.0870736837387085,-0.0331592857837677
1771883276.6285133,base_link,0.13279782235622406,0.0870736837387085,-0.0331592857837677
1771883276.6396983,base_link,0.1331249326467514,0.08718228340148926,-0.03338959813117981
1771883276.6488984,base_link,0.13329264521598816,0.08738791942596436,-0.03335830569267273
1771883276.659556,base_link,0.13266713917255402,0.0891181230545044,-0.031588733196258545
1771883276.6694174,base_link,0.13298720121383667,0.08980333805084229,-0.03094276785850525
1771883276.6791935,base_link,0.132884681224823,0.08977878093719482,-0.03110295534133911
1771883276.688462,base_link,0.13293595612049103,0.08984911441802979,-0.03115805983543396
1771883276.6985006,base_link,0.1329886019229889,0.09004426002502441,-0.031076580286026
1771883276.708819,base_link,0.13308781385421753,0.09015774726867676,-0.031060755252838135
1771883276.718551,base_link,0.13366147875785828,0.08948493003845215,-0.032570451498031616
1771883276.728355,base_link,0.13378280401229858,0.08961284160614014,-0.03251203894615173
1771883276.7385223,base_link,0.13459274172782898,0.08944165706634521,-0.032988280057907104
1771883276.7484016,base_link,0.13414157927036285,0.09034693241119385,-0.03246799111366272
1771883276.7583823,base_link,0.13433502614498138,0.09064590930938721,-0.032359421253204346
1771883276.7683034,base_link,0.1349647343158722,0.08981776237487793,-0.033099979162216187
1771883276.7783535,base_link,0.135148823261261,0.08995020389556885,-0.033033400774002075
1771883276.7883677,base_link,0.13544458150863647,0.09004843235015869,-0.03287005424499512
1771883276.7984197,base_link,0.1355305314064026,0.09029841423034668,-0.033360034227371216
1771883276.8084304,base_link,0.13612312078475952,0.09063518047332764,-0.03295856714248657
1771883276.8186276,base_link,0.13613508641719818,0.09110116958618164,-0.032804787158966064
1771883276.828359,base_link,0.13631917536258698,0.09123456478118896,-0.032839417457580566
1771883276.8388681,base_link,0.13651835918426514,0.09138321876525879,-0.03280019760131836
1771883276.8484197,base_link,0.13673773407936096,0.09159588813781738,-0.03277614712715149
1771883276.8584201,base_link,0.13689559698104858,0.09179878234863281,-0.032756686210632324
1771883276.8689685,base_link,0.13701452314853668,0.09199488162994385,-0.03276190161705017
1771883276.8784764,base_link,0.1370665729045868,0.09209024906158447,-0.03278851509094238
1771883276.8887093,base_link,0.13707001507282257,0.09224534034729004,-0.03276178240776062
1771883276.900402,base_link,0.13699184358119965,0.09233593940734863,-0.03278791904449463
1771883276.9084284,base_link,0.13684570789337158,0.09237241744995117,-0.03282040357589722
1771883276.9187214,base_link,0.1366942822933197,0.09245014190673828,-0.03282400965690613
1771883276.9284027,base_link,0.1365426629781723,0.09246993064880371,-0.03278234601020813
1771883276.9406567,base_link,0.13634367287158966,0.0924912691116333,-0.03280407190322876
1771883276.9486177,base_link,0.13578248023986816,0.09325456619262695,-0.03097936511039734
1771883276.958438,base_link,0.13551658391952515,0.09328067302703857,-0.031001687049865723
1771883276.9687634,base_link,0.13525746762752533,0.09331870079040527,-0.031024545431137085
1771883276.9784703,base_link,0.13496752083301544,0.09327411651611328,-0.031108379364013672
1771883276.9886672,base_link,0.13476596772670746,0.09332144260406494,-0.031182318925857544
1771883276.9993262,base_link,0.13455143570899963,0.09250462055206299,-0.03312000632286072
1771883277.0084252,base_link,0.13437294960021973,0.09262323379516602,-0.033098071813583374
1771883277.0188882,base_link,0.13433435559272766,0.09308397769927979,-0.032907307147979736
1771883277.0286386,base_link,0.13417163491249084,0.09318280220031738,-0.0328926146030426
1771883277.0385454,base_link,0.13397487998008728,0.09330534934997559,-0.03289005160331726
1771883277.048423,base_link,0.1335829496383667,0.09309554100036621,-0.033177316188812256
1771883277.0590582,base_link,0.1335829496383667,0.09309554100036621,-0.033177316188812256
1771883277.0684931,base_link,0.1332482248544693,0.09295713901519775,-0.03326225280761719
1771883277.0791671,base_link,0.1329234540462494,0.09313821792602539,-0.033239156007766724
1771883277.0884137,base_link,0.13273361325263977,0.09329068660736084,-0.03323352336883545
1771883277.0984254,base_link,0.13253222405910492,0.09339678287506104,-0.03322446346282959
1771883277.1086042,base_link,0.1323242038488388,0.09377825260162354,-0.03306937217712402
1771883277.1184416,base_link,0.1321536898612976,0.09390699863433838,-0.03306615352630615
1771883277.1288593,base_link,0.13103385269641876,0.09606444835662842,-0.030740171670913696
1771883277.1383746,base_link,0.13086014986038208,0.09620249271392822,-0.030681520700454712
1771883277.1488638,base_link,0.13062232732772827,0.09636878967285156,-0.030702918767929077
1771883277.1586614,base_link,0.13039855659008026,0.0965036153793335,-0.03074866533279419
1771883277.1684299,base_link,0.13086408376693726,0.09551143646240234,-0.03079819679260254
1771883277.1786385,base_link,0.13014525175094604,0.09692811965942383,-0.03071671724319458
1771883277.188409,base_link,0.13000181317329407,0.09727191925048828,-0.03065735101699829
1771883277.1983523,base_link,0.13005420565605164,0.09670102596282959,-0.03219333291053772
1771883277.2091029,base_link,0.12981709837913513,0.09627282619476318,-0.03261685371398926
1771883277.218419,base_link,0.12927189469337463,0.09782004356384277,-0.030871868133544922
1771883277.2284641,base_link,0.12892009317874908,0.09769999980926514,-0.03102204203605652
1771883277.2395406,base_link,0.12886881828308105,0.09815168380737305,-0.030932694673538208
1771883277.2484174,base_link,0.12896884977817535,0.09673047065734863,-0.03506112098693848
1771883277.2582517,base_link,0.12880516052246094,0.09686648845672607,-0.035017162561416626
1771883277.2684128,base_link,0.12859870493412018,0.09702074527740479,-0.0350150465965271
1771883277.278444,base_link,0.12845292687416077,0.09743046760559082,-0.03246206045150757
1771883277.2884173,base_link,0.12823694944381714,0.09756791591644287,-0.032469987869262695
1771883277.2983088,base_link,0.12770701944828033,0.09825766086578369,-0.03155645728111267
1771883277.3091536,base_link,0.12769059836864471,0.0978846549987793,-0.03263714909553528
1771883277.318414,base_link,0.1274988204240799,0.09802162647247314,-0.032612502574920654
1771883277.3284829,base_link,0.1273117959499359,0.0982356071472168,-0.03293070197105408
1771883277.3384843,base_link,0.1271487921476364,0.09835493564605713,-0.03291958570480347
1771883277.349253,base_link,0.1270313262939453,0.09858393669128418,-0.03243130445480347
1771883277.3596632,base_link,0.1266546994447708,0.0982358455657959,-0.03388333320617676
1771883277.3686566,base_link,0.12681274116039276,0.09963071346282959,-0.0325435996055603
1771883277.3789442,base_link,0.12632615864276886,0.09864652156829834,-0.0339733362197876
1771883277.3885694,base_link,0.12644901871681213,0.09998846054077148,-0.03258898854255676
1771883277.3989706,base_link,0.1261688619852066,0.10016071796417236,-0.03257855772972107
1771883277.4086967,base_link,0.12617911398410797,0.09909701347351074,-0.03425052762031555
1771883277.4188993,base_link,0.12617911398410797,0.09909701347351074,-0.03425052762031555
1771883277.429222,base_link,0.12518517673015594,0.10034537315368652,-0.03261697292327881
1771883277.4385653,base_link,0.1249949187040329,0.10053229331970215,-0.03261944651603699
1771883277.448838,base_link,0.12477383017539978,0.10069668292999268,-0.03264337778091431
1771883277.458857,base_link,0.1246030330657959,0.1008920669555664,-0.032671600580215454
1771883277.469517,base_link,0.12386949360370636,0.10122323036193848,-0.0314902663230896
1771883277.47874,base_link,0.12388236820697784,0.10175704956054688,-0.031348466873168945
1771883277.488758,base_link,0.12384819984436035,0.10147452354431152,-0.03277936577796936
1771883277.4985693,base_link,0.1236673891544342,0.10178875923156738,-0.032813191413879395
1771883277.509574,base_link,0.12355421483516693,0.10296237468719482,-0.03076431155204773
1771883277.518784,base_link,0.12332968413829803,0.10314691066741943,-0.03083556890487671
1771883277.528699,base_link,0.12286756932735443,0.10265243053436279,-0.030957669019699097
1771883277.5385926,base_link,0.12285660207271576,0.10232532024383545,-0.0330241322517395
1771883277.5484984,base_link,0.1224202960729599,0.10238051414489746,-0.03574550151824951
1771883277.559183,base_link,0.12255142629146576,0.10250222682952881,-0.03303617238998413
1771883277.56866,base_link,0.12203525006771088,0.10274696350097656,-0.03550440073013306
1771883277.5785334,base_link,0.12195350229740143,0.10350489616394043,-0.035646140575408936
1771883277.589065,base_link,0.12144537270069122,0.10442042350769043,-0.03520682454109192
1771883277.599255,base_link,0.121336430311203,0.10454559326171875,-0.03519529104232788
1771883277.6086538,base_link,0.12101761996746063,0.10427320003509521,-0.035327762365341187
1771883277.618655,base_link,0.1207428127527237,0.10474979877471924,-0.035290539264678955
1771883277.6284242,base_link,0.1207428127527237,0.10474979877471924,-0.035290539264678955
1771883277.6393642,base_link,0.12078693509101868,0.10501158237457275,-0.03243640065193176
1771883277.6490378,base_link,0.12047430872917175,0.10626828670501709,-0.030457139015197754
1771883277.6585052,base_link,0.12031629681587219,0.10581624507904053,-0.03215867280960083
1771883277.6686416,base_link,0.12008209526538849,0.10601162910461426,-0.03213873505592346
1771883277.6787593,base_link,0.11977019906044006,0.10578691959381104,-0.032352715730667114
1771883277.688721,base_link,0.1193000078201294,0.1065971851348877,-0.030601948499679565
1771883277.698627,base_link,0.11905136704444885,0.10658407211303711,-0.03122711181640625
1771883277.7087877,base_link,0.1188831776380539,0.10677087306976318,-0.031198650598526
1771883277.7185812,base_link,0.11871811747550964,0.10694992542266846,-0.031187981367111206
1771883277.7285311,base_link,0.11876985430717468,0.10669243335723877,-0.032618433237075806
1771883277.7387397,base_link,0.11850017309188843,0.10690963268280029,-0.032703131437301636
1771883277.7486098,base_link,0.11828473210334778,0.10708451271057129,-0.03270277380943298
1771883277.7593417,base_link,0.11792165040969849,0.10732650756835938,-0.03268280625343323
1771883277.7690547,base_link,0.11772793531417847,0.10753500461578369,-0.03268435597419739
1771883277.7784696,base_link,0.11751142144203186,0.1077108383178711,-0.03262585401535034
1771883277.7883272,base_link,0.11724463105201721,0.10776472091674805,-0.03295278549194336
1771883277.7985861,base_link,0.11708512902259827,0.10806918144226074,-0.03280097246170044
1771883277.809937,base_link,0.11658024787902832,0.10878396034240723,-0.03172507882118225
1771883277.8186731,base_link,0.1167026162147522,0.10913324356079102,-0.03287702798843384
1771883277.8293457,base_link,0.11652612686157227,0.10934114456176758,-0.03284856677055359
1771883277.8385105,base_link,0.11612275242805481,0.10922181606292725,-0.03318193554878235
1771883277.8485668,base_link,0.11560836434364319,0.10998570919036865,-0.030696988105773926
1771883277.8594787,base_link,0.11531603336334229,0.11017060279846191,-0.030799001455307007
1771883277.868941,base_link,0.11536574363708496,0.10975837707519531,-0.033134639263153076
1771883277.8796124,base_link,0.11515858769416809,0.1099470853805542,-0.03305405378341675
1771883277.8887088,base_link,0.11488232016563416,0.11020338535308838,-0.032898396253585815
1771883277.9008386,base_link,0.11441442370414734,0.11006522178649902,-0.035101115703582764
1771883277.9084315,base_link,0.11385485529899597,0.11074399948120117,-0.03505319356918335
1771883277.9184072,base_link,0.11355814337730408,0.11086177825927734,-0.03497070074081421
1771883277.9287884,base_link,0.1132824718952179,0.1109764575958252,-0.034983426332473755
1771883277.9385629,base_link,0.11303797364234924,0.11110842227935791,-0.03490361571311951
1771883277.950378,base_link,0.11220729351043701,0.11257624626159668,-0.031734615564346313
1771883277.959319,base_link,0.11224853992462158,0.11196362972259521,-0.03304508328437805
1771883277.9682856,base_link,0.1120973527431488,0.11182546615600586,-0.03336840867996216
1771883277.9783468,base_link,0.11188346147537231,0.11198222637176514,-0.03340184688568115
1771883277.9884067,base_link,0.11201092600822449,0.11219167709350586,-0.03267437219619751
1771883277.9984043,base_link,0.11174607276916504,0.11234688758850098,-0.03267437219619751
1771883278.0083787,base_link,0.11151844263076782,0.11253845691680908,-0.03261971473693848
1771883278.0184076,base_link,0.11134839057922363,0.11354196071624756,-0.03185012936592102
1771883278.0283265,base_link,0.11106917262077332,0.11371505260467529,-0.03178161382675171
1771883278.039091,base_link,0.11049360036849976,0.11350893974304199,-0.03246885538101196
1771883278.0483112,base_link,0.11019787192344666,0.11370372772216797,-0.03246834874153137
1771883278.0586429,base_link,0.10994356870651245,0.11392664909362793,-0.032392024993896484
1771883278.068323,base_link,0.10970962047576904,0.11415863037109375,-0.032313525676727295
1771883278.0783582,base_link,0.10936212539672852,0.11459827423095703,-0.0319308340549469
1771883278.0885017,base_link,0.10899674892425537,0.11523616313934326,-0.03138646483421326
1771883278.0983891,base_link,0.1085318922996521,0.11528897285461426,-0.031352847814559937
1771883278.1083057,base_link,0.10847732424736023,0.11531960964202881,-0.03247252106666565
1771883278.1185195,base_link,0.10822054743766785,0.11571097373962402,-0.03276976943016052
1771883278.1283662,base_link,0.10786527395248413,0.11575400829315186,-0.03285464644432068
1771883278.1385877,base_link,0.10776975750923157,0.11611664295196533,-0.03270447254180908
1771883278.148766,base_link,0.10741856694221497,0.1166379451751709,-0.0322493314743042
1771883278.1583369,base_link,0.10714903473854065,0.11690676212310791,-0.032171547412872314
1771883278.1687174,base_link,0.10683870315551758,0.11713612079620361,-0.03223660588264465
1771883278.1786957,base_link,0.10651808977127075,0.11703896522521973,-0.032629162073135376
1771883278.1886506,base_link,0.10605952143669128,0.11714327335357666,-0.03434702754020691
1771883278.1983902,base_link,0.10560205578804016,0.11866164207458496,-0.0348203182220459
1771883278.2082906,base_link,0.10535690188407898,0.11879801750183105,-0.03480643033981323
1771883278.2187028,base_link,0.10531741380691528,0.1177210807800293,-0.03432333469390869
1771883278.228753,base_link,0.10486069321632385,0.11925649642944336,-0.03160884976387024
1771883278.238428,base_link,0.10466516017913818,0.11871945858001709,-0.032954514026641846
1771883278.2483537,base_link,0.1044202446937561,0.11898148059844971,-0.03299081325531006
1771883278.259893,base_link,0.104214608669281,0.11915254592895508,-0.03319394588470459
1771883278.2684472,base_link,0.10402119159698486,0.1191403865814209,-0.03342452645301819
1771883278.27855,base_link,0.10391581058502197,0.1195986270904541,-0.032418787479400635
1771883278.2883477,base_link,0.10365676879882812,0.12032067775726318,-0.03202185034751892
1771883278.2984166,base_link,0.10321065783500671,0.12042438983917236,-0.03207904100418091
1771883278.3083029,base_link,0.10287421941757202,0.12069487571716309,-0.032072603702545166
1771883278.3182802,base_link,0.10261526703834534,0.1203603744506836,-0.032673269510269165
1771883278.3286176,base_link,0.10223948955535889,0.12120866775512695,-0.031911373138427734
1771883278.338291,base_link,0.10208255052566528,0.12157762050628662,-0.03182578086853027
1771883278.348319,base_link,0.10172709822654724,0.12195372581481934,-0.032048046588897705
1771883278.3590856,base_link,0.10129696130752563,0.12316370010375977,-0.03144398331642151
1771883278.3682907,base_link,0.10105007886886597,0.12333154678344727,-0.0314975380897522
1771883278.3783345,base_link,0.10081294178962708,0.12345099449157715,-0.031572550535202026
1771883278.3885732,base_link,0.1005823016166687,0.1236799955368042,-0.03154271841049194
1771883278.3985438,base_link,0.10032230615615845,0.12391746044158936,-0.031473517417907715
1771883278.4090974,base_link,0.10004356503486633,0.12418580055236816,-0.03137969970703125
1771883278.4184108,base_link,0.09965270757675171,0.12455224990844727,-0.03183528780937195
1771883278.4285855,base_link,0.09934493899345398,0.12488949298858643,-0.03171917796134949
1771883278.438288,base_link,0.09865632653236389,0.12405025959014893,-0.032585859298706055
1771883278.4483116,base_link,0.09834539890289307,0.12430095672607422,-0.03255763649940491
1771883278.4593163,base_link,0.09777003526687622,0.12496984004974365,-0.03484112024307251
1771883278.468357,base_link,0.09728038311004639,0.1266489028930664,-0.0305308997631073
1771883278.478427,base_link,0.09692797064781189,0.12693309783935547,-0.0305098295211792
1771883278.4883294,base_link,0.09682080149650574,0.12637090682983398,-0.032118767499923706
1771883278.4982762,base_link,0.09652113914489746,0.12655603885650635,-0.032159239053726196
1771883278.509229,base_link,0.0960254967212677,0.12649786472320557,-0.032284826040267944
1771883278.5190887,base_link,0.09588035941123962,0.12678265571594238,-0.032575368881225586
1771883278.5284774,base_link,0.09569573402404785,0.12639832496643066,-0.03426697850227356
1771883278.5384235,base_link,0.0956922173500061,0.12700128555297852,-0.03229472041130066
1771883278.5484738,base_link,0.09523048996925354,0.12753653526306152,-0.03201112151145935
1771883278.559126,base_link,0.09467348456382751,0.1280069351196289,-0.03201591968536377
1771883278.5684564,base_link,0.09435984492301941,0.12827908992767334,-0.03193679451942444
1771883278.5784645,base_link,0.09405136108398438,0.1285080909729004,-0.03185844421386719
1771883278.5885494,base_link,0.09346380829811096,0.1293964385986328,-0.03112855553627014
1771883278.5983562,base_link,0.09318363666534424,0.12967848777770996,-0.031089186668395996
1771883278.6082256,base_link,0.09288978576660156,0.12997305393218994,-0.031043171882629395
1771883278.618668,base_link,0.09260860085487366,0.13023602962493896,-0.031045913696289062
1771883278.628309,base_link,0.09242847561836243,0.13005149364471436,-0.031961262226104736
1771883278.638342,base_link,0.092078298330307,0.13044893741607666,-0.03147795796394348
1771883278.6490955,base_link,0.09162214398384094,0.13061225414276123,-0.03141322731971741
1771883278.658333,base_link,0.0910869836807251,0.13098716735839844,-0.03139448165893555
1771883278.6686053,base_link,0.09073993563652039,0.1312638521194458,-0.03141257166862488
1771883278.6783922,base_link,0.09057372808456421,0.1319054365158081,-0.031194061040878296
1771883278.6882594,base_link,0.08949387073516846,0.13422751426696777,-0.028820067644119263
1771883278.6986272,base_link,0.08916053175926208,0.1344759464263916,-0.02893155813217163
1771883278.7086258,base_link,0.08932340145111084,0.13318943977355957,-0.032098978757858276
1771883278.7184124,base_link,0.08910655975341797,0.13309049606323242,-0.031930357217788696
1771883278.728341,base_link,0.08858489990234375,0.13363420963287354,-0.032227277755737305
1771883278.7383683,base_link,0.08834102749824524,0.13401198387145996,-0.032185375690460205
1771883278.7486715,base_link,0.08829492330551147,0.1341714859008789,-0.0312078595161438
1771883278.7591743,base_link,0.08770528435707092,0.13438642024993896,-0.03481075167655945
1771883278.7682836,base_link,0.08743155002593994,0.13470256328582764,-0.03484418988227844
1771883278.7783277,base_link,0.08705323934555054,0.13500487804412842,-0.03474247455596924
1771883278.7888026,base_link,0.08659392595291138,0.13565337657928467,-0.034947335720062256
1771883278.798575,base_link,0.08613711595535278,0.13585495948791504,-0.035017549991607666
1771883278.8093874,base_link,0.08613711595535278,0.13585495948791504,-0.035017549991607666
1771883278.8188236,base_link,0.08613711595535278,0.13585495948791504,-0.035017549991607666
1771883278.8285725,base_link,0.08499312400817871,0.13704347610473633,-0.03546661138534546
1771883278.8383698,base_link,0.08489710092544556,0.13714730739593506,-0.034796684980392456
1771883278.848503,base_link,0.0846802294254303,0.13745379447937012,-0.034799665212631226
1771883278.858718,base_link,0.08405190706253052,0.13926351070404053,-0.03575617074966431
1771883278.8683655,base_link,0.08379781246185303,0.1396387815475464,-0.035768091678619385
1771883278.8783777,base_link,0.08305823802947998,0.13767695426940918,-0.03655296564102173
1771883278.8887792,base_link,0.0826278030872345,0.13914215564727783,-0.036578357219696045
1771883278.8983862,base_link,0.08284994959831238,0.13952624797821045,-0.03314208984375
1771883278.9103153,base_link,0.08247187733650208,0.14002203941345215,-0.03328481316566467
1771883278.9188936,base_link,0.08133265376091003,0.14206230640411377,-0.03083863854408264
1771883278.9284022,base_link,0.08130863308906555,0.1417914628982544,-0.0328499972820282
1771883278.938781,base_link,0.08132511377334595,0.14167070388793945,-0.033739715814590454
1771883278.951067,base_link,0.08165767788887024,0.14241671562194824,-0.03200715780258179
1771883278.9584522,base_link,0.08132880926132202,0.14256632328033447,-0.03224995732307434
1771883278.9684067,base_link,0.08075204491615295,0.14364516735076904,-0.03105899691581726
1771883278.9788406,base_link,0.08003610372543335,0.14374184608459473,-0.03173467516899109
1771883278.9884503,base_link,0.08009043335914612,0.14480197429656982,-0.030806928873062134
1771883278.99977,base_link,0.07965129613876343,0.14456939697265625,-0.031470656394958496
1771883279.009007,base_link,0.07926446199417114,0.1449263095855713,-0.031409263610839844
1771883279.0183673,base_link,0.07887017726898193,0.14544713497161865,-0.031498104333877563
1771883279.0288072,base_link,0.07801637053489685,0.14620459079742432,-0.029948890209197998
1771883279.0384436,base_link,0.07762563228607178,0.14749550819396973,-0.029857784509658813
1771883279.0489962,base_link,0.07734572887420654,0.14729416370391846,-0.029858499765396118
1771883279.0584435,base_link,0.07694211602210999,0.14809143543243408,-0.03557246923446655
1771883279.0689425,base_link,0.07693970203399658,0.14831805229187012,-0.03289836645126343
1771883279.0791967,base_link,0.07658100128173828,0.1488025188446045,-0.033459097146987915
1771883279.088515,base_link,0.07552483677864075,0.15170753002166748,-0.028873533010482788
1771883279.0984342,base_link,0.07614591717720032,0.15148377418518066,-0.02841690182685852
1771883279.1083128,base_link,0.07597818970680237,0.15139234066009521,-0.030499756336212158
1771883279.118432,base_link,0.07528206706047058,0.15150916576385498,-0.03075796365737915
1771883279.128503,base_link,0.07528206706047058,0.15150916576385498,-0.03075796365737915
1771883279.1384335,base_link,0.07496961951255798,0.1529083251953125,-0.030881911516189575
1771883279.1486669,base_link,0.0741334855556488,0.1538219451904297,-0.029748588800430298
1771883279.1590614,base_link,0.0741334855556488,0.1538219451904297,-0.029748588800430298
1771883279.168734,base_link,0.07381388545036316,0.15478003025054932,-0.03545099496841431
1771883279.1784647,base_link,0.07356372475624084,0.1552433967590332,-0.03545317053794861
1771883279.188662,base_link,0.07330450415611267,0.15685570240020752,-0.029850929975509644
1771883279.1984274,base_link,0.0730302631855011,0.15733253955841064,-0.029819875955581665
1771883279.20927,base_link,0.07284992933273315,0.157576322555542,-0.030980318784713745
1771883279.2183416,base_link,0.07273894548416138,0.15881216526031494,-0.03063449263572693
1771883279.2284,base_link,0.07235801219940186,0.15884184837341309,-0.03131929039955139
1771883279.238475,base_link,0.07206305861473083,0.1595754623413086,-0.031207144260406494
1771883279.2482862,base_link,0.07162758708000183,0.1598987579345703,-0.033337920904159546
1771883279.2593238,base_link,0.07154020667076111,0.1610633134841919,-0.03141427040100098
1771883279.2685986,base_link,0.07185626029968262,0.16166508197784424,-0.033071815967559814
1771883279.278506,base_link,0.07076096534729004,0.16189265251159668,-0.03520724177360535
1771883279.2887564,base_link,0.07046899199485779,0.16385149955749512,-0.03102344274520874
1771883279.298423,base_link,0.07024949789047241,0.1645282506942749,-0.03100794553756714
1771883279.309133,base_link,0.07024949789047241,0.1645282506942749,-0.03100794553756714
1771883279.3196118,base_link,0.07024949789047241,0.1645282506942749,-0.03100794553756714
1771883279.3284628,base_link,0.06949123740196228,0.1667720079421997,-0.031033754348754883
1771883279.338672,base_link,0.06885573267936707,0.16858947277069092,-0.033475518226623535
1771883279.3484018,base_link,0.06865623593330383,0.16838955879211426,-0.03483855724334717
1771883279.3594809,base_link,0.06865623593330383,0.16838955879211426,-0.03483855724334717
1771883279.3688416,base_link,0.06849268078804016,0.16874337196350098,-0.03405877947807312
1771883279.3784244,base_link,0.06761988997459412,0.17046117782592773,-0.030572831630706787
