t,data
1770417146.4831636,0.00016853724471238058
1770417146.5082636,0.00016854397041017924
1770417146.5233228,0.00016854397041018746
1770417146.5393708,0.00016854397041018746
1770417146.5717206,0.00016854397041018746
1770417146.6033967,0.00016854397041018746
1770417146.6360352,0.00016854397041018746
1770417146.667538,0.00016854397041018746
1770417146.6994436,0.00016854397041018746
1770417146.7158177,0.00016854397041018746
1770417146.748414,0.00016854397041018418
1770417146.7637231,0.00016854397041017952
1770417146.7959914,0.0001685439704101796
1770417146.8118522,0.00016854397041018139
1770417146.8443987,0.00016854397041018323
1770417146.8758063,0.00016854397041018323
1770417146.9075387,0.00016854397041018111
1770417146.9394662,0.0001685406075645855
1770417146.9713788,0.0001685406075645855
1770417147.0040486,0.0001685439704101814
1770417147.0355182,0.0001685406075645855
1770417147.0517247,0.0001685406075645855
1770417147.0835242,0.0001685406075645851
1770417147.1161797,0.00016854060756458023
1770417147.1476917,0.00016854060756458448
1770417147.1797342,0.00016854060756458158
1770417147.211319,0.00016854060756458044
1770417147.244563,0.00016854060756457827
1770417147.2764375,0.00016854060756458044
1770417147.3075333,0.00016854060756458443
1770417147.3389816,0.00016854060756458188
1770417147.3710115,0.00016854060756458174
1770417147.4030201,0.00016854060756458177
1770417147.435517,0.00016854060756458519
1770417147.4677505,0.00016854060756458754
1770417147.50028,0.00016854060756458727
1770417147.531865,0.0001685406075645844
1770417147.5637856,0.00016854060756458177
1770417147.595516,0.00016854060756458624
1770417147.6278994,0.00016853724471237825
1770417147.659749,0.0001685372447123767
1770417147.6914377,0.00016846662314804628
1770417147.7230723,0.00016846662314804928
1770417147.7555974,0.0001684666231480493
1770417147.7871675,0.00016846662314805283
1770417147.8189375,0.0001684666231480503
1770417147.8509798,0.00016839600156569592
1770417147.8838341,0.0001683960015656935
1770417147.9156976,0.0001683926415251422
1770417147.947549,0.00016839264152514153
1770417147.9795547,0.00016839264152514533
1770417148.0119832,0.00016839264152514075
1770417148.0437849,0.0001683926415251432
1770417148.0757787,0.00016832202133390222
1770417148.1075954,0.00016831866269588182
1770417148.1400304,0.00016831866269588827
1770417148.1714482,0.00016831866269588787
1770417148.203288,0.0001683153040512716
1770417148.235085,0.00016824468666029285
1770417148.2679322,0.00016824468666029369
1770417148.29935,0.00016824132941822332
1770417148.331347,0.00016824132941822338
1770417148.3641849,0.0001682379721695642
1770417148.3965938,0.00016816735757885654
1770417148.4273312,0.00016816735757886088
1770417148.4598227,0.0001681673575788577
1770417148.4918547,0.00016809338853319695
1770417148.5246422,0.00016809338853319557
1770417148.5555544,0.00016809338853320167
1770417148.5874732,0.0001680900340896478
1770417148.6192682,0.00016809003408964704
1770417148.6523633,0.0001680194222812595
1770417148.683643,0.0001680160692402753
1770417148.715548,0.00016801606924027364
1770417148.7478898,0.00016794210718463825
1770417148.7797344,0.0001679421071846392
1770417148.8115215,0.00016793875553964194
1770417148.8439224,0.00016786814792276955
1770417148.8752298,0.00016786814792277312
1770417148.9088457,0.0001678614474313544
1770417148.9388804,0.00016785139664490174
1770417148.971049,0.0001677774471897586
1770417149.0033638,0.00016777409831705183
1770417149.0363169,0.00016776740055193028
1770417149.0674453,0.00016769011060862888
1770417149.0993118,0.00016768341560930404
1770417149.1311162,0.00016760613405064734
1770417149.1634479,0.0001675994418171754
1770417149.1951597,0.00016758940341771647
1770417149.2271566,0.00016751547917569738
1770417149.2598565,0.00016750878968186826
1770417149.2922444,0.000167438214386652
1770417149.3236685,0.000167434871039113
1770417149.3555038,0.00016736429713521021
1770417149.3872213,0.00016736095519033728
1770417149.4194763,0.00016736095519033777
1770417149.4515078,0.0001672903826777564
1770417149.4832225,0.0001672903826777529
1770417149.5155666,0.00016721647101431493
1770417149.5472496,0.00016719309690012507
1770417149.5795557,0.00016692260167452835
1770417149.6112921,0.00016647154560234074
1770417149.6437237,0.00016602405479392365
1770417149.6760004,0.00016522562849021326
1770417149.7070367,0.00016432399296671695
1770417149.7393715,0.0001632844239166566
1770417149.7722058,0.00016206021602815048
1770417149.8040428,0.00016118669545217505
1770417149.8363633,0.0001608385059668332
1770417149.8678393,0.00016076149331503993
1770417149.899431,0.0001607581448632872
1770417149.9328547,0.00016081506768646044
1770417149.9635437,0.000160871988688887
1770417149.9956627,0.0001608753369264292
1770417150.027612,0.00016088538160125208
1770417150.0596871,0.00016089207801961932
1770417150.0910442,0.0001608954262193425
1770417150.1236582,0.0001608274653818611
1770417150.1556637,0.00016083081216104042
1770417150.1877701,0.00016083081216104124
1770417150.219106,0.00016083081216104243
1770417150.2512133,0.0001608341589339208
1770417150.2834814,0.00016083415893391374
1770417150.3155985,0.00016083415893391128
1770417150.347155,0.00016083415893391686
1770417150.3791296,0.00016083332171983863
1770417150.4116561,0.00016083332171984538
1770417150.4439886,0.00016083332171984525
1770417150.4756274,0.00016083332171984573
1770417150.5078886,0.0001608333217198418
1770417150.5399237,0.0001608333217198474
1770417150.571832,0.00016083666850591992
1770417150.603641,0.00016083666850591355
1770417150.6355886,0.0001608366685059126
1770417150.6674047,0.00016083666850591556
1770417150.6996703,0.000160836668505917
1770417150.731396,0.00016083666850591645
1770417150.7638495,0.00016083666850591577
1770417150.7957928,0.00016077204912778729
1770417150.8275242,0.00016077204912778729
1770417150.859695,0.00016077204912779276
1770417150.8927996,0.00016077204912778563
1770417150.92331,0.0001607753944870161
1770417150.9576814,0.0001607753944870161
1770417150.9877064,0.00016077539448701753
1770417151.0195923,0.00016077539448701078
1770417151.0516076,0.00016077539448701078
1770417151.0836782,0.00016077539448701078
1770417151.1153305,0.00016077873983994073
1770417151.1471303,0.00016077873983994073
1770417151.1798267,0.00016077873983994073
1770417151.2119565,0.00016077873983994122
1770417151.2441685,0.00016077873983994122
1770417151.2756207,0.00016077873983994122
1770417151.3070261,0.000160782085186567
1770417151.3399196,0.000160782085186567
1770417151.3714309,0.0001607820851865668
1770417151.4032972,0.0001607820851865691
1770417151.4355764,0.0001607820851865691
1770417151.467967,0.00016078124839943782
1770417151.4992182,0.00016078459375926086
1770417151.53161,0.00016078459375926086
1770417151.5640907,0.00016078459375926086
1770417151.5966127,0.00016078459375925923
1770417151.6276245,0.00016078459375925923
1770417151.659541,0.00016078459375925923
1770417151.6912305,0.00016078459375925923
1770417151.723682,0.00016078793911277598
1770417151.756086,0.00016071996622020918
1770417151.7880144,0.00016071996622020918
1770417151.819338,0.00016071996622020918
1770417151.852041,0.0001607233101531938
1770417151.8833027,0.0001607233101531938
1770417151.9153666,0.0001607233101531938
1770417151.9471056,0.0001607233101531938
1770417151.980025,0.00016072665407987919
1770417152.0112042,0.00016072665407987919
1770417152.04397,0.00016072665407987919
1770417152.0752113,0.0001607266540798774
1770417152.1078534,0.00016072999800026443
1770417152.1390607,0.00016072999800026443
1770417152.171356,0.00016072916164000992
1770417152.2029967,0.00016072916164000992
1770417152.2363534,0.00016072916164000992
1770417152.2681398,0.00016073250557358337
1770417152.2990975,0.0001607325055735891
1770417152.3311827,0.0001607325055735891
1770417152.3633685,0.000160735849500862
1770417152.3947976,0.000160735849500862
1770417152.426453,0.000160735849500862
1770417152.4588313,0.0001607358495008621
1770417152.4914794,0.00016073919342183648
1770417152.5225132,0.00016073919342184014
1770417152.5555863,0.0001607391934218363
1770417152.5868642,0.00016073919342184028
1770417152.6193466,0.0001607425373365227
1770417152.6513953,0.0001607425373365234
1770417152.6830297,0.00016074253733651763
1770417152.7152035,0.0001606778973749629
1770417152.7475367,0.000160677897374963
1770417152.7806022,0.00016067789737495816
1770417152.812333,0.00016068123986282006
1770417152.8421886,0.0001606804039488702
1770417152.8760974,0.000160680403948862
1770417152.907185,0.00016068374644989962
1770417152.9392638,0.00016068374644990268
1770417152.9710355,0.0001606837464498983
1770417153.0038493,0.00016068708894464526
1770417153.035301,0.00016068708894464813
1770417153.0677533,0.0001606870889446473
1770417153.1006048,0.0001606904314330888
1770417153.131981,0.0001606904314330875
1770417153.1632218,0.00016069043143308607
1770417153.194996,0.0001606937739152387
1770417153.227102,0.0001606971163910933
1770417153.259739,0.00016069711639109344
1770417153.291043,0.00016070045886065225
1770417153.3235302,0.00016069962303926998
1770417153.3560178,0.00016069962303926985
1770417153.387701,0.00016070296552201199
1770417153.4192364,0.00016070296552201516
1770417153.4513965,0.00016070296552201158
1770417153.482985,0.00016070630799845344
1770417153.5152757,0.00016070965046859783
1770417153.5471697,0.00016070965046860206
1770417153.5797105,0.00016071299293244926
1770417153.6107976,0.0001606449941961545
1770417153.6428423,0.00016064833523949396
1770417153.6744454,0.0001606483352394947
1770417153.706468,0.0001606516762765403
1770417153.738658,0.0001606508409013357
1770417153.7713692,0.00016065418195154957
1770417153.8032277,0.000160657522995476
1770417153.8355365,0.00016066086403309949
1770417153.867149,0.00016066086403310122
1770417153.899145,0.00016066754608947897
1770417153.9308195,0.00016067088710822257
1770417153.962898,0.00016067422812067136
1770417153.9948695,0.00016067756912682674
1770417154.027374,0.00016068091012669708
1770417154.059168,0.0001606842511202586
1770417154.0915084,0.00016069093308850645
1770417154.12318,0.0001606976150315751
1770417154.1553922,0.00016070346186144663
1770417154.1871755,0.00016071348474944855
1770417154.219452,0.00016072016664331524
1770417154.2515068,0.00016072684851197743
1770417154.2834113,0.00016073353035546637
1770417154.3153114,0.00016074355307346415
1770417154.3480299,0.00016074689396687397
1770417154.3794577,0.00016075023485397934
1770417154.4116302,0.00016075357573478886
1770417154.4439425,0.00016075357573478555
1770417154.475563,0.00016075942269616354
1770417154.5072958,0.00016076276357754744
1770417154.5395362,0.00016069805443489905
1770417154.5717587,0.00016070139388953854
1770417154.6036692,0.00016070139388953854
1770417154.6360862,0.0001607047333378942
1770417154.6677659,0.0001607047333378942
1770417154.6989675,0.00016070807277993702
1770417154.731017,0.00016070807277993702
1770417154.7630327,0.00016071141221569546
1770417154.795547,0.00016071391732911002
1770417154.827165,0.00016071391732911002
1770417154.859708,0.00016071725677173658
1770417154.8915217,0.0001607205962080613
1770417154.9238985,0.0001607205962080613
1770417154.9551866,0.00016072727506182363
1770417154.9872108,0.00016073061447925886
1770417155.0189927,0.00016073395389040157
1770417155.0520444,0.00016074063269378352
1770417155.0834205,0.00016074647732627185
1770417155.1156483,0.0001607564955047054
1770417155.147762,0.00016076317425884587
1770417155.1786401,0.00016077319234281313
1770417155.210374,0.00016071178635256782
1770417155.2427723,0.00016071512427460688
1770417155.274524,0.0001607218000997894
1770417155.306779,0.00016072513800293603
1770417155.3384583,0.00016072513800293603
1770417155.3707662,0.00016072764237481132
1770417155.4024065,0.00016073098028481498
1770417155.4350727,0.00016073098028481807
1770417155.4667468,0.00016073431818852403
1770417155.4985418,0.0001607343181885222
1770417155.5306919,0.00016073765608593804
1770417155.5636008,0.00016073765608593804
1770417155.595388,0.00016074099397704781
1770417155.6270351,0.00016074099397704781
1770417155.6593013,0.00016074016050562527
1770417155.6918638,0.00016074349840989729
1770417155.7231784,0.00016074349840989818
1770417155.7556858,0.0001607434984098955
1770417155.7872357,0.0001607468363078669
1770417155.8196142,0.00016074683630786586
1770417155.8513856,0.0001606787367605443
1770417155.8835444,0.00016068207323812823
1770417155.9151397,0.0001606812401538942
1770417155.947917,0.00016068457664462853
1770417155.9791367,0.00016068457664463248
1770417156.0112593,0.0001606845766446273
1770417156.0432591,0.00016068791312907486
1770417156.0758502,0.00016068791312907717
1770417156.1073067,0.00016069124960722443
1770417156.139295,0.00016069375304836867
1770417156.1712532,0.00016069708953337226
1770417156.2040312,0.00016070042601207824
1770417156.2352154,0.00016070709895060585
1770417156.2675202,0.0001607137718639421
1770417156.2992516,0.00016071710831117093
1770417156.3320546,0.00016072044475209715
1770417156.3632987,0.00016072378118673069
1770417156.3952231,0.00016072628475454642
1770417156.4271662,0.00016072962119602916
1770417156.4600427,0.00016073295763121585
1770417156.490859,0.0001606681701014045
1770417156.5235553,0.0001606681701014045
1770417156.555611,0.00016067150510993246
1770417156.5879219,0.0001606748401121777
1770417156.6198134,0.00016067734269295796
1770417156.6515439,0.0001606773426929588
1770417156.6829922,0.00016068067770203643
1770417156.7154942,0.00016068067770203643
1770417156.7470624,0.00016068401270482783
1770417156.778963,0.00016068401270482783
1770417156.8111348,0.00016068401270482783
1770417156.8447597,0.00016068651532022985
1770417156.8751507,0.00016068651532022985
1770417156.9071302,0.00016068651532022985
1770417156.9389162,0.00016068651532022985
1770417156.9718254,0.00016068651532022985
1770417157.0028274,0.00016068985032987508
1770417157.035237,0.00016068985032987508
1770417157.0671554,0.00016068985032987194
1770417157.099842,0.00016062088512852423
1770417157.13083,0.00016062088512852423
1770417157.1630394,0.00016062088512852423
1770417157.1950898,0.00016062088512852423
1770417157.2275133,0.00016062421873722985
1770417157.2594016,0.00016062421873722985
1770417157.2905314,0.00016062421873722985
1770417157.3218203,0.00016062421873722985
1770417157.3550792,0.00016062338669948126
1770417157.3869967,0.00016062338669947998
1770417157.4189787,0.00016062672032132687
1770417157.4512055,0.00016062672032132687
1770417157.483789,0.00016062672032133036
1770417157.5152204,0.00016062672032132532
1770417157.5471246,0.00016062672032133042
1770417157.578998,0.00016062588827878585
1770417157.6116138,0.00016062922191375814
1770417157.6440034,0.00016062922191375814
1770417157.6755579,0.00016056108554478047
1770417157.7070696,0.00016056441775939682
1770417157.739626,0.0001605644177593948
1770417157.7710366,0.00016056774996771442
1770417157.8030646,0.00016056774996772044
1770417157.835096,0.0001605702505336013
1770417157.8675723,0.00016057025053360186
1770417157.8990543,0.0001605735827487594
1770417157.9310632,0.000160576914957624
1770417157.962701,0.0001605769149576232
1770417157.9953792,0.000160580247160197
1770417158.0270965,0.0001605835793564814
1770417158.0591614,0.00016059024373017854
1770417158.0915859,0.00016059607657368562
1770417158.124143,0.00016053125610878189
1770417158.1551654,0.0001605379176302878
1770417158.187041,0.00016054457912663457
1770417158.2188663,0.0001605479098653686
1770417158.2526045,0.00016055124059781846
1770417158.283478,0.00016055124059781656
1770417158.315608,0.00016055457132397623
1770417158.3493762,0.0001605537403028923
1770417158.3800447,0.0001605570710421721
1770417158.4116988,0.00016055707104216887
1770417158.4437785,0.0001605570710421723
1770417158.475341,0.00016055707104217624
1770417158.5075252,0.00016056040177516638
1770417158.539106,0.0001605595707686967
1770417158.5715995,0.00016049140608153913
1770417158.6042035,0.00016049140608153967
1770417158.6354601,0.00016049140608154027
1770417158.66726,0.00016049140608153837
1770417158.6989138,0.0001604914060815336
1770417158.7308204,0.00016049473541359627
1770417158.7630556,0.0001604939047551392
1770417158.7950163,0.00016049390475513618
1770417158.82683,0.00016049723410031092
1770417158.8595145,0.00016049723410030596
1770417158.8913815,0.0001604972341003089
1770417158.923017,0.00016050056343919645
1770417158.9555056,0.0001605005634391938
1770417158.986805,0.00016050306214734363
1770417159.0193095,0.00016043822042404747
1770417159.0512612,0.00016044154834941095
1770417159.0829134,0.00016045153208780227
1770417159.1152744,0.00016047482725736116
1770417159.1475956,0.00016050477773699008
1770417159.1797466,0.00016058381376921985
1770417159.2114,0.00016077348080483704
1770417159.243637,0.00016094981951330042
1770417159.2756574,0.00016100970410306016
1770417159.3075569,0.00016101303096479136
1770417159.3393114,0.0001609446156384582
1770417159.3718154,0.00016094378904460847
1770417159.4030814,0.00016094378904461118
1770417159.4349144,0.00016094378904461053
1770417159.4672596,0.00016094378904460942
1770417159.498864,0.0001609437890446103
1770417159.531447,0.0001609437890446078
1770417159.5625324,0.00016094296242656855
1770417159.5942633,0.0001609429624265679
1770417159.6272185,0.00016094296242656145
1770417159.6594214,0.00016094296242657053
1770417159.690879,0.0001608745477857635
1770417159.7230573,0.00016087372149492112
1770417159.7548096,0.00016087704558130004
1770417159.787268,0.00016087704558129395
1770417159.818837,0.00016087704558130013
1770417159.8512502,0.0001608770455812955
1770417159.883486,0.00016087704558130004
1770417159.9155166,0.00016087704558130004
1770417159.947721,0.00016087621928564995
1770417159.9790723,0.00016080780391680748
1770417160.0105917,0.00016080780391680856
1770417160.0436363,0.00016080780391681068
1770417160.0751402,0.0001608078039168067
1770417160.107188,0.00016080780391680949
1770417160.138829,0.0001608069779483826
1770417160.171802,0.00016080697794837882
1770417160.2042286,0.00016080697794837882
1770417160.2350895,0.00016073856291374335
1770417160.2677355,0.00016073856291374335
1770417160.299261,0.0001607385629137441
1770417160.3310852,0.0001607377372725618
1770417160.363541,0.0001607377372725618
1770417160.3954148,0.0001607377372725618
1770417160.42795,0.0001607377372725618
1770417160.4597754,0.00016066932257214825
1770417160.4911745,0.00016066849725822807
1770417160.5234835,0.00016066849725822807
1770417160.554927,0.00016066849725822807
1770417160.5865784,0.00016066849725822054
1770417160.6186159,0.00016066849725822054
1770417160.6520789,0.00016060257642773606
1770417160.683699,0.00016060257642773536
1770417160.7150512,0.00016060257642773386
1770417160.7470455,0.00016060257642773424
1770417160.7788615,0.00016060257642773424
1770417160.8116117,0.00016053416098215108
1770417160.8433435,0.00016053333634215977
1770417160.876366,0.00016053333634215977
1770417160.9073546,0.00016053333634215977
1770417160.939472,0.00016053333634215977
1770417160.9710667,0.000160464921230845
1770417161.0028067,0.00016046409691816964
1770417161.034715,0.00016046409691816872
1770417161.0679705,0.00016046409691816872
1770417161.098868,0.00016039568214113733
1770417161.1314847,0.00016039568214113733
1770417161.1628954,0.00016039568214113733
1770417161.195524,0.0001603956821411399
1770417161.2267423,0.00016032644371307068
1770417161.2590082,0.0001603297566324021
1770417161.290704,0.0001603297566324021
1770417161.3231492,0.0001603297566324021
1770417161.3551383,0.0001602613407588357
1770417161.3871744,0.0001602613407588357
1770417161.418685,0.00016026051747163148
1770417161.4511704,0.00016019210193238614
1770417161.4828384,0.0001601921019323854
1770417161.5149484,0.00016019210193238487
1770417161.5466464,0.00016012368637600508
1770417161.5791576,0.00016012368637601245
1770417161.610803,0.00016012286376766152
1770417161.6437361,0.00016005775584249088
1770417161.674865,0.00016005775584249088
1770417161.7074862,0.0001600577558424853
1770417161.7386339,0.0001600577558424853
1770417161.770773,0.00015998933918962967
1770417161.8031237,0.00015998933918962967
1770417161.835176,0.00015998851727944198
1770417161.8672278,0.00015992010096094314
1770417161.8991494,0.00015992010096094314
1770417161.9308727,0.00015992010096094314
1770417161.9631107,0.00015992340544340253
1770417161.9950101,0.00015985498769409255
1770417162.0268006,0.00015985416648208118
1770417162.0586104,0.00015985416648208118
1770417162.0911877,0.00015978574906714952
1770417162.1231382,0.00015978574906714952
1770417162.155908,0.00015978574906715058
1770417162.1876483,0.00015972063188942847
1770417162.2192986,0.00015972063188942847
1770417162.2517464,0.0001597198113756052
1770417162.2816234,0.0001597198113756052
1770417162.3150518,0.00015965469171782903
1770417162.3457315,0.00015965469171782848
1770417162.378628,0.00015965469171782648
1770417162.4112468,0.00015965799056513922
1770417162.4435728,0.0001595895692092773
1770417162.4751525,0.0001595928666366168
1770417162.507438,0.00015959534429975148
1770417162.5390425,0.00015953021647117878
1770417162.5704262,0.00015953351248526959
1770417162.6043978,0.0001595401044947003
1770417162.6354697,0.0001595466964791336
1770417162.6675467,0.00015948814781954
1770417162.6988487,0.0001594394699395969
1770417162.7320032,0.00015923331718606745
1770417162.7627807,0.0001591681598443256
1770417162.7949643,0.00015912928777744032
1770417162.8266993,0.0001591954912227397
1770417162.85942,0.00015934656341067875
1770417162.8908815,0.00015936004501413805
1770417162.9230824,0.00015934720466592058
1770417162.9547062,0.00015935704747438776
1770417162.987247,0.000159287589281253
1770417163.0188725,0.00015929086881074698
1770417163.051468,0.0001592255002326636
1770417163.082601,0.0001592255002326636
1770417163.1152766,0.0001592255002326636
1770417163.1467283,0.0001591601288046876
1770417163.1802902,0.00015909147925599124
1770417163.2108552,0.00015909147925599124
1770417163.2434103,0.00015902610354779728
1770417163.2747722,0.00015902529241577814
1770417163.3060884,0.00015895664176989921
1770417163.339471,0.00015895664176989921
1770417163.373234,0.00015896318667781037
1770417163.4033842,0.00015889453318829622
1770417163.4351833,0.0001588978042195982
1770417163.466968,0.00015883568851707863
1770417163.4992025,0.00015884549729636735
1770417163.5313425,0.0001588479569433182
1770417163.5632138,0.00015879563471555
1770417163.5946515,0.00015882177973408672
1770417163.6277122,0.0001588479243544176
1770417163.6590862,0.00015884456313585414
1770417163.6913712,0.00015892622406502572
1770417163.7225382,0.00015899808246383243
1770417163.7550762,0.0001589905183861875
1770417163.7865937,0.0001590003124881712
1770417163.8188443,0.0001590003124881712
1770417163.8509235,0.00015893475754776522
1770417163.8834167,0.0001589380208167323
1770417163.9147773,0.0001589412840794638
1770417163.9468524,0.0001588724616078278
1770417163.9787707,0.0001588724616078278
1770417164.0114107,0.00015887165552770608
1770417164.0434225,0.00015887491739023763
1770417164.075002,0.00015880609383777977
1770417164.1073883,0.00015880609383777977
1770417164.13939,0.00015873727026833017
1770417164.1711705,0.00015873727026832914
1770417164.202891,0.00015873727026832914
1770417164.2349446,0.00015867170429917173
1770417164.2678986,0.0001586708992808792
1770417164.2990873,0.00015860207461364684
1770417164.330773,0.00015860207461364755
1770417164.3628304,0.00015860207461364755
1770417164.395714,0.00015853324992944946
1770417164.4269624,0.00015853324992945014
1770417164.459114,0.00015846442522829065
1770417164.4913285,0.00015846442522829065
1770417164.5229375,0.00015839560051017748
1770417164.554328,0.00015839479686491505
1770417164.58644,0.00015832597247906213
1770417164.6179903,0.00015832597247906213
1770417164.6512797,0.00015832597247906213
1770417164.6823878,0.00015825714807626002
1770417164.7144413,0.00015826039724714823
1770417164.746431,0.00015826039724714893
1770417164.778673,0.00015819157141438723
1770417164.8108218,0.00015819076881197947
1770417164.843444,0.0001581907688119787
1770417164.8752224,0.0001581219433114957
1770417164.907373,0.00015812194331149389
1770417164.938596,0.00015812194331149389
1770417164.9705815,0.00015805311779409657
1770417165.0023787,0.00015805311779409657
1770417165.034682,0.0001579842922597981
1770417165.0664825,0.00015798429225980025
1770417165.0984104,0.00015791466547932442
1770417165.1300035,0.00015791466547932596
1770417165.1632297,0.00015784584026043932
1770417165.1941874,0.00015784584026043932
1770417165.2263439,0.0001577770150246619
1770417165.2583973,0.0001577770150246619
1770417165.2910995,0.00015770818977201503
1770417165.306254,0.00015770818977201503
1770417165.338304,0.0001576393645024917
1770417165.370266,0.0001576385646464514
1770417165.402816,0.00015757297480030664
1770417165.434028,0.0001575729748003026
1770417165.4669843,0.0001575041484332218
1770417165.4986136,0.0001574353220492963
1770417165.5314548,0.00015743532204929805
1770417165.5626173,0.00015736649564852077
1770417165.5947905,0.00015736649564852077
1770417165.6266565,0.00015729687111626974
1770417165.65924,0.0001572968711162704
1770417165.6908386,0.00015722804503105672
1770417165.7224405,0.00015715921892903167
1770417165.7545588,0.00015709039281018873
1770417165.786965,0.00015702156667454117
1770417165.8182385,0.00015688391435286298
1770417165.8504627,0.000156673423990603
1770417165.8823235,0.00015636922576010422
1770417165.914549,0.00015601767880379518
1770417165.9299562,0.00015587417182327107
1770417165.9620955,0.0001557477757840452
1770417165.9940455,0.00015551139239980717
1770417166.0264146,0.0001553093207116502
1770417166.05837,0.00015523430740211347
1770417166.0905623,0.0001551297371232904
1770417166.122206,0.00015495809380240127
1770417166.155318,0.00015482469222781185
1770417166.1867511,0.00015432573991832667
1770417166.2182934,0.0001535338471846665
1770417166.250393,0.00015218992736950798
1770417166.2830935,0.000149628425943012
1770417166.314982,0.00014693799787225966
1770417166.3466668,0.00014339459455768458
1770417166.3793323,0.00013978880196087348
1770417166.4111285,0.00013705782613028243
1770417166.4432645,0.00013492648285037026
1770417166.4749455,0.00013334179090197811
1770417166.5065882,0.00013220336754588314
1770417166.539117,0.00013176591358172887
1770417166.5709097,0.0001317395367118383
1770417166.6026626,0.00013174184511062056
1770417166.6347244,0.00013174831990218975
1770417166.6673589,0.00013175941160404667
1770417166.6987782,0.00013184681970284428
1770417166.7307334,0.00013216081030920397
1770417166.7626173,0.0001337194097326529
1770417166.7950106,0.00013544576175485853
1770417166.8276658,0.0001381799982205809
1770417166.8597498,0.00014264405768388898
1770417166.8908489,0.0001467119812626886
1770417166.9230983,0.00015181113308648876
1770417166.9548182,0.00015612634038909972
1770417166.9868016,0.00016069167791670178
1770417167.0185542,0.00016448788300643528
1770417167.0508852,0.00016904197841902558
1770417167.0827582,0.00017205508737859013
1770417167.1152089,0.00017443219056546244
1770417167.146303,0.00017721501458052327
1770417167.1792674,0.00017934552253849842
1770417167.2106764,0.0001810624261059241
1770417167.2429035,0.00018187313350460823
1770417167.2753468,0.00018238320530435847
1770417167.3063169,0.00018160047775244467
1770417167.3382175,0.0001807681326697261
1770417167.3709722,0.00017884351064802114
1770417167.4042513,0.0001730126293960742
1770417167.4350832,0.00015972922303372707
1770417167.4666536,0.00013392477974412837
1770417167.4985433,8.966037436789769e-05
1770417167.5304368,1.2106473173064328e-05
1770417167.5631263,7.72178116248164e-05
1770417167.5946293,0.00019385836919814787
1770417167.626601,0.0004003686457610524
1770417167.6592727,0.0005615898927144946
1770417167.691647,0.0007013009817440444
1770417167.7226977,0.0008392697043922747
1770417167.7547505,0.0009028536472787723
1770417167.7864873,0.0009318280505016084
1770417167.8192058,0.0008903531130113632
1770417167.8505557,0.0008435877000883128
1770417167.8827665,0.0008117622071713643
1770417167.9150174,0.0007811388850564399
1770417167.946838,0.0007577016920125741
1770417167.9783616,0.0007451187308811003
1770417168.010505,0.0007395557120763569
1770417168.0424612,0.0007394212635734768
1770417168.0748088,0.0007393718865791493
1770417168.1064465,0.0007393740204402303
1770417168.138638,0.0007399982006783596
1770417168.1710196,0.0007421031569159515
1770417168.2034626,0.0007534712295204888
1770417168.2346995,0.0007715818559907105
1770417168.266922,0.0008006018072571472
1770417168.2984614,0.0008402640355211066
1770417168.3305886,0.0008752276170471337
1770417168.3621228,0.0009105208086918121
1770417168.39507,0.0009473392504925257
1770417168.427194,0.0009820024220676949
1770417168.458976,0.0010147985173525344
1770417168.490667,0.001052949394434307
1770417168.523031,0.001082916083236514
1770417168.5545435,0.0011108808824183702
1770417168.5867252,0.001144202153677045
1770417168.6182966,0.0011625284617849594
1770417168.6501424,0.0011740753752181488
1770417168.682895,0.0011802040022371935
1770417168.716034,0.001181022059078365
1770417168.7477927,0.0011808508449561305
1770417168.7788692,0.001177996725000358
1770417168.810538,0.001172494861876504
1770417168.8433206,0.0011655978444443337
1770417168.874658,0.0011558327381676243
1770417168.9065619,0.0011432847483419696
1770417168.9381454,0.001131215126802118
1770417168.9709795,0.0011149670226591254
1770417169.002299,0.001099782743065521
1770417169.0345495,0.0010878196525956514
1770417169.0664375,0.0010719320590660305
1770417169.098843,0.0010614016167033405
1770417169.1304502,0.0010536405035907524
1770417169.1625557,0.0010493903008791964
1770417169.1944332,0.0010488492230815451
1770417169.2270777,0.0010488878725642035
1770417169.2586315,0.0010489071972438944
1770417169.2906442,0.0010495642118984734
1770417169.3224843,0.0010495835351394822
1770417169.3550699,0.0010495835351394787
1770417169.386759,0.0010496028583393635
1770417169.4190583,0.0010496221814981271
1770417169.4509153,0.001049602858339364
1770417169.4830174,0.0010495255652931076
1770417169.5144446,0.0010494096244902402
1770417169.546369,0.001049177738444551
1770417169.5781803,0.0010491584143402172
1770417169.6111755,0.001049158414340216
1770417169.642836,0.0010487912485493808
1770417169.6751642,0.0010467619071007877
1770417169.7064166,0.001042991931291961
1770417169.738875,0.0010376146140190015
1770417169.7707422,0.001032892364946705
1770417169.8028278,0.001028109601738497
1770417169.8348196,0.0010204947194345894
1770417169.8674743,0.001011340952845497
1770417169.8989356,0.0010040620666884102
1770417169.9316397,0.0009973994674814543
1770417169.9629476,0.000995864280519066
1770417169.9950795,0.0009953784111234535
1770417170.026403,0.0009952229277688908
1770417170.0594714,0.0009952423633246819
1770417170.09038,0.0009957865430540661
1770417170.1225743,0.0009960974891684755
1770417170.1538703,0.00099611692296896
1770417170.1867185,0.0009959808855461146
1770417170.218249,0.0009953978463672953
1770417170.2508328,0.0009955338919823118
1770417170.282848,0.0009955338919823043
1770417170.3142798,0.000995514457011451
1770417170.3466024,0.0009954172815721505
1770417170.3788033,0.0009948342084663277
1770417170.4105852,0.00099140820214057
1770417170.4423285,0.000980766918158502
1770417170.4743214,0.0009618099393377364
1770417170.5068872,0.0009251535356515197
1770417170.539208,0.000875104989472643
1770417170.570715,0.0008275464598095918
1770417170.6034791,0.0007692129034734081
1770417170.6350524,0.0007319184840381139
1770417170.6677408,0.0006906104334246007
1770417170.699189,0.0006528056730716286
1770417170.7308311,0.0006350627505844632
1770417170.7629833,0.0006327926501926684
1770417170.795142,0.0006347588632941279
1770417170.8270516,0.000641433148315237
1770417170.8587208,0.0006530269531530681
1770417170.8912528,0.000676787275572561
1770417170.9233522,0.000705010658702653
1770417170.9547575,0.0007303281873824377
1770417170.9867935,0.0007728931301012645
1770417171.018511,0.0008102671658161262
1770417171.049883,0.0008485566707497187
1770417171.0660474,0.0008877598780314644
1770417171.0978997,0.0009098930438803248
1770417171.1304646,0.000951254562140318
1770417171.1619742,0.000992759446366472
1770417171.1950576,0.0010238206453551722
1770417171.2265089,0.001053602632714791
1770417171.2589054,0.001070728238487719
1770417171.2908905,0.0010906629742733532
1770417171.3229108,0.0011119117799060529
1770417171.3546607,0.0011263985524620193
1770417171.3868184,0.0011364115935601723
1770417171.419078,0.0011401156168800658
1770417171.451239,0.0011399438178887607
1770417171.4825711,0.001137423684038284
1770417171.515308,0.0011321900205448214
1770417171.5465071,0.0011251173831056532
1770417171.5788126,0.0011203542900290388
1770417171.6106248,0.001110877419672785
1770417171.645627,0.0011010446847668904
1770417171.6744108,0.0010883969061712432
1770417171.706882,0.0010794228410988512
1770417171.738898,0.0010652223551180702
1770417171.7712016,0.0010516356189028211
1770417171.8023257,0.001038279502476172
1770417171.8344204,0.0010254841750815095
1770417171.8665311,0.0010118190077552788
1770417171.8990235,0.0009979982984474986
1770417171.9304066,0.0009734483919954282
1770417171.962604,0.0009563595767254421
1770417171.9944706,0.0009420122812845882
1770417172.0268261,0.0009229166529135527
1770417172.0585349,0.0009044912257280893
1770417172.0904655,0.0008834063380785498
1770417172.1224036,0.0008673109749182249
1770417172.1546316,0.0008576820815519876
1770417172.1867316,0.0008526089264621221
1770417172.2188494,0.0008519598738737875
1770417172.2504034,0.00085280560188444
1770417172.2825074,0.0008543985496056937
1770417172.3152144,0.000861770439235503
1770417172.3457856,0.0008730647683114579
1770417172.3778875,0.0008887597737768232
1770417172.4100916,0.0009162895084005337
1770417172.4423745,0.0009374075423829111
1770417172.474135,0.0009592032408128895
1770417172.5060995,0.0009839634552916382
1770417172.5386722,0.0009991233100971482
1770417172.5703056,0.0010165827814057008
1770417172.6022992,0.0010343384215155001
1770417172.6340969,0.0010470442544668252
1770417172.6667078,0.0010588073589540628
1770417172.6982698,0.0010695349460547907
1770417172.7308004,0.0010763076236912743
1770417172.7626333,0.001079422841098842
1770417172.7950952,0.0010799803864501474
1770417172.826401,0.0010798842604793804
1770417172.8583157,0.001079768907918375
1770417172.890141,0.0010795766502659718
1770417172.923169,0.0010794036147626473
1770417172.9545603,0.0010789037151809778
1770417172.9864085,0.0010760768227856884
1770417173.0183148,0.0010712863360612902
1770417173.0509079,0.0010630074877464764
1770417173.0822911,0.00105016972205143
1770417173.1143649,0.0010335074880633971
1770417173.1460898,0.0010103080415174222
1770417173.1786296,0.0009821372452231897
1770417173.2101812,0.0009488765441717735
1770417173.2425742,0.0009105974290108632
1770417173.2743363,0.0008597997009477523
1770417173.3063877,0.0008147440573001888
1770417173.3387868,0.0007708664152327883
1770417173.3712168,0.0007170912778108116
1770417173.4024951,0.0006870351114991798
1770417173.4347126,0.000666219308130044
1770417173.4668636,0.000655237535343472
1770417173.4987667,0.0006555031096316043
1770417173.5303578,0.0006556880301785118
1770417173.56287,0.0006586774890838109
1770417173.5943985,0.0006686514545878031
1770417173.6263115,0.0006852512431688513
1770417173.658205,0.0007155510479264947
1770417173.6907132,0.0007532150058337029
1770417173.7220314,0.000786832167113897
1770417173.754803,0.0008256766815665442
1770417173.7861798,0.0008547555021168717
1770417173.819284,0.0008720840201057958
1770417173.850459,0.0008877883859473121
1770417173.8825521,0.0008900211471814006
1770417173.914167,0.0008821007041650822
1770417173.9467661,0.0008597396796814874
1770417173.9783478,0.0008346284308878158
1770417174.0106478,0.0008077878652043556
1770417174.0427277,0.0008005361310551916
1770417174.0747337,0.0008090628687685973
1770417174.1062665,0.0008139975770995025
1770417174.1382618,0.0008162256169214788
1770417174.1701267,0.0008163767720808111
1770417174.2026906,0.0008146196961313889
1770417174.2345467,0.0008096446747047004
1770417174.2668002,0.0008031844811471928
1770417174.2984135,0.0007965264703648502
1770417174.3305283,0.0007875187515321853
1770417174.3621294,0.0007796531332403902
1770417174.3943644,0.0007704857977199915
1770417174.4259784,0.000758344998649452
1770417174.4593291,0.0007499736169756404
1770417174.4908671,0.0007389899076354577
1770417174.522929,0.0007253940934797634
1770417174.554215,0.0007162869720670546
1770417174.5866401,0.0007132262161309674
1770417174.6182249,0.0007135689244101087
1770417174.6504438,0.0007138856042607772
1770417174.6821399,0.000713766504382708
1770417174.7150886,0.0007123503657332534
1770417174.7463841,0.000711940022851124
1770417174.77828,0.0007119400228511284
1770417174.8101575,0.000711953260136739
1770417174.8431032,0.0007121644714070874
1770417174.87496,0.0007120522172570312
1770417174.9063556,0.0007065435709658894
1770417174.9381142,0.0006874584981995449
1770417174.971285,0.0006315250482537738
1770417175.0026786,0.0005460259331465896
1770417175.0343661,0.0004615553898374971
1770417175.0663018,0.0003792159778475668
1770417175.0984778,0.00031575616568348477
1770417175.1302695,0.0002874935910477525
1770417175.1621115,0.0002908069258650802
1770417175.19393,0.00029286367541584254
1770417175.2269177,0.0002928244431812946
1770417175.2585104,0.00029323424434819534
1770417175.2903063,0.0002969122414283863
1770417175.322154,0.0003224098381740615
1770417175.3538325,0.00040366749310520367
1770417175.3861964,0.000560741822899243
1770417175.4183314,0.0007742148831332189
1770417175.4502656,0.0009996756298375714
1770417175.483009,0.0012363932001455637
1770417175.5145829,0.0013737989475098556
1770417175.5461752,0.0014389924163308635
1770417175.5783107,0.001422847877335269
1770417175.610455,0.0013290620916469127
1770417175.6421397,0.0012432586694611383
1770417175.6742914,0.001157064203106549
1770417175.705923,0.0010897265338376033
1770417175.7387495,0.001041130056426496
1770417175.770485,0.0009817458564971183
1770417175.8024945,0.0009438870903812157
1770417175.8338804,0.000917275328516132
1770417175.850601,0.0009036352149922756
1770417175.8828912,0.0009010245407504216
1770417175.9147413,0.0009008113382966918
1770417175.9464674,0.0009021809463562694
1770417175.9790685,0.000908180124149205
1770417176.01048,0.0009161486866177576
1770417176.0424485,0.0009218367858697476
1770417176.0740273,0.0009321977737791625
1770417176.0904307,0.0009424629265569606
1770417176.1223772,0.0009494320631522231
1770417176.1543708,0.0009651937189790522
1770417176.186061,0.0009784854574813864
1770417176.218473,0.000997447888488062
1770417176.2506397,0.0010180307241714444
1770417176.2824297,0.0010340062273368356
1770417176.3139179,0.0010518230275846682
1770417176.3300486,0.0010673540889890585
1770417176.3619905,0.0010786935876490437
1770417176.3776338,0.0010964345159975774
1770417176.410016,0.001106706743160277
1770417176.4256954,0.0011236359079755075
1770417176.4585433,0.0011337889198476025
1770417176.4902802,0.0011519814158010386
1770417176.5223312,0.001152595584777745
1770417176.554455,0.0011544840048607146
1770417176.5871975,0.001161166084048908
1770417176.6181107,0.0011632867088319716
1770417176.650298,0.0011630312748189355
1770417176.6656654,0.0011628386041131723
1770417176.698451,0.0011621192697462916
1770417176.7298312,0.001160341526355918
1770417176.7621102,0.0011511392937717294
1770417176.7946618,0.0011215137202168282
1770417176.8265355,0.001074430136682901
1770417176.8582206,0.001028535329233807
1770417176.8901865,0.0009775082840674768
1770417176.9060702,0.000933876491826281
1770417176.9384866,0.0008980659374931368
1770417176.9542966,0.0008480362579043133
1770417176.986391,0.0008205207122466182
1770417177.0019639,0.0007856624587842953
1770417177.0354428,0.0007723484510203322
1770417177.0667129,0.0007624542755260224
1770417177.0981872,0.0007506018836835387
1770417177.130177,0.0007316709308020359
1770417177.1617012,0.0007091299165062399
1770417177.194479,0.0006765928676287034
1770417177.2261877,0.0006322067212886879
1770417177.24233,0.0005653021777856122
1770417177.274809,0.0005123881007103785
1770417177.3059683,0.00038626604494214963
1770417177.3380215,0.0002716262845635167
1770417177.370901,0.0001441027558248114
1770417177.4030406,6.397097628591704e-05
1770417177.4352145,6.222386538688527e-05
1770417177.4664135,7.456898235253899e-05
1770417177.4821508,7.676771865970941e-05
1770417177.5145752,7.83380195886522e-05
1770417177.5467305,8.145150343907593e-05
1770417177.5783694,8.397763975415335e-05
1770417177.6101375,8.631229939582603e-05
1770417177.625828,8.783552331009861e-05
1770417177.6584978,8.861184908605229e-05
1770417177.6902986,8.872152825090955e-05
1770417177.722358,8.889143418171501e-05
1770417177.7546597,8.907750695138768e-05
1770417177.7863781,8.897581957575718e-05
1770417177.818085,8.864490474945564e-05
1770417177.850119,8.807520476599652e-05
1770417177.8658524,8.729772202623058e-05
1770417177.8982177,8.663364445729566e-05
1770417177.9138863,8.583863222521378e-05
1770417177.9459603,8.522243225466199e-05
1770417177.9778814,8.429805217551757e-05
1770417178.0105324,8.30503212263988e-05
1770417178.0419872,8.199098398539758e-05
1770417178.0578322,8.122674148192099e-05
1770417178.0897102,8.063448276751166e-05
1770417178.1066291,7.984833550255298e-05
1770417178.1383512,7.941569133001171e-05
1770417178.1537519,7.894506970333262e-05
1770417178.1859436,7.892664448878237e-05
1770417178.2180316,7.898514798822706e-05
1770417178.250519,7.923781188500069e-05
1770417178.2821295,7.938125137967581e-05
1770417178.3139558,7.961148929821002e-05
1770417178.3473737,7.99204781888745e-05
1770417178.3787994,8.092185112730475e-05
1770417178.3940086,8.289591589421949e-05
1770417178.42612,8.485263056166371e-05
1770417178.442349,8.887582109222776e-05
1770417178.4740515,9.11562251064251e-05
1770417178.5069127,9.803599656457636e-05
1770417178.5385087,0.00010264303628268999
1770417178.5703187,0.00010622994251757682
1770417178.6022236,0.00010906028782997543
1770417178.6349568,0.00011085311751515196
1770417178.6662092,0.00011185244979732222
1770417178.6982045,0.00011377222554179835
1770417178.7303123,0.00012762696933304597
1770417178.7626154,0.0001685393776439409
1770417178.777832,0.0002631648761282199
1770417178.8099947,0.00037972569371647367
1770417178.8424857,0.0005561706135394671
1770417178.8748174,0.0007741508582157617
1770417178.9062989,0.0009265793109097363
1770417178.9219182,0.001020416900144413
1770417178.9539702,0.0010686285768241835
1770417178.9708276,0.0010962697586264427
1770417179.0021951,0.0010779973843729957
1770417179.0179021,0.0010139709353326068
1770417179.0506349,0.0009782930585281874
1770417179.08179,0.0009232856551856791
1770417179.1143277,0.000880258737144684
1770417179.1461263,0.0008351388338001134
1770417179.1780899,0.0008052229329561054
1770417179.2098308,0.0007812705392182271
1770417179.2427113,0.0007636666736943244
1770417179.2580132,0.0007538734163872251
1770417179.2905524,0.000751316827879168
1770417179.3058102,0.0007514560829904932
1770417179.3379207,0.0007520963572652897
1770417179.370547,0.0007527616522578855
1770417179.4016967,0.0007572129643620715
1770417179.4339786,0.000761176282206055
1770417179.4659114,0.000764968583360705
1770417179.4982693,0.0007711286967174523
1770417179.5300434,0.000777140081883224
1770417179.562343,0.0007823978363945693
1770417179.5938387,0.0007900849793021713
1770417179.626706,0.0007975265537025454
1770417179.6421697,0.0008061269389945626
1770417179.6741276,0.0008127889290987
1770417179.7059643,0.0008210336311998946
1770417179.7379801,0.0008318090289047925
1770417179.7699354,0.000840609318311335
1770417179.7860293,0.0008476793255341788
1770417179.8184621,0.0008528443323153446
1770417179.8504732,0.0008615684159027704
1770417179.8822596,0.0008717812977240545
1770417179.9139395,0.0008792423096957177
1770417179.9458485,0.0008865986166705625
1770417179.9787436,0.0008958016363618763
1770417180.0104415,0.0009020275367112514
1770417180.0422704,0.0009069643777750593
1770417180.0739923,0.0009116290158170068
1770417180.1063747,0.0009146721388940867
1770417180.1380916,0.0009180746383756185
1770417180.1698947,0.0009213510813324953
1770417180.2019126,0.0009234934782201633
1770417180.2340708,0.0009252817556071138
1770417180.2664049,0.000926040667330921
1770417180.2980917,0.0009260210204919452
1770417180.32978,0.0009260210204919431
1770417180.3628032,0.000925954675939468
1770417180.3936753,0.0009259546759394627
1770417180.4257872,0.0009258883312879362
1770417180.4576213,0.0009258883312879362
1770417180.489756,0.0009258883312879312
1770417180.52246,0.0009258416291535563
1770417180.554331,0.0009258416291535521
1770417180.5861661,0.0009257752828963421
1770417180.6186502,0.0009257089365401035
1770417180.6503358,0.0009257089365401005
1770417180.6821587,0.0009256425900848403
1770417180.7137141,0.0009256425900848352
1770417180.746237,0.000925595880480078
1770417180.7774541,0.0009255958804800706
1770417180.8103044,0.0009255295324191821
1770417180.841501,0.0009254828183573305
1770417180.8742993,0.0009254828183573295
1770417180.905726,0.0009254361013450137
1770417180.9378023,0.0009253697501719039
1770417180.9695492,0.0009253893813822365
1770417181.0021825,0.0009253230287025369
1770417181.033573,0.0009253426584690103
1770417181.066309,0.0009252959326053429
1770417181.0980127,0.0009252959326053368
1770417181.130958,0.0009252492037912401
1770417181.162353,0.0009252492037912452
1770417181.1939964,0.000925202472026712
1770417181.22563,0.0009251753612665917
1770417181.2585182,0.0009251949851851724
1770417181.2901585,0.0009251482446321303
1770417181.3224506,0.000925187489472877
1770417181.3539226,0.0009251799848898598
1770417181.3863468,0.0009252388473301721
1770417181.4177053,0.0009252705677405293
1770417181.4501672,0.0009253218906333613
1770417181.4819002,0.0009254592125615377
1770417181.514658,0.0009255497370444621
1770417181.545837,0.00092566742995475
1770417181.577804,0.0009257186918823296
1770417181.6096554,0.000925711098973976
1770417181.6424987,0.0009257699355154664
1770417181.674474,0.0009257623291879908
1770417181.7060745,0.0009257547139902693
1770417181.7375925,0.0009258135411077059
1770417181.7706206,0.0009257666974814987
1770417181.802184,0.0009257394569842552
1770417181.834103,0.0009257786690337831
1770417181.866319,0.0009257514197026835
1770417181.8987648,0.0009257906286471851
1770417181.9299438,0.00092581023306503
1770417181.9618874,0.0009258690461009453
1770417181.994086,0.0009258886503737098
1770417182.0266995,0.0009258613848089479
1770417182.0580378,0.0009259005902857178
1770417182.073981,0.0009259201929696938
1770417182.1056917,0.0009259397956173982
1770417182.121809,0.000925979000803967
1770417182.1537795,0.0009259986033428459
1770417182.1856809,0.0009260378083117583
1770417182.217595,0.0009260105235535843
1770417182.2502978,0.0009260301245036758
1770417182.2832253,0.0009260693262950068
1770417182.3129852,0.0009260693262950068
1770417182.346034,0.0009260889271362602
1770417182.361748,0.0009261085279412317
1770417182.3939307,0.0009261085279412317
1770417182.4090285,0.0009260616305845641
1770417182.4416552,0.0009260616305845641
1770417182.4732666,0.000926100829198341
1770417182.5069246,0.0009261008291983432
1770417182.5383062,0.0009261204284508064
1770417182.570382,0.0009260735238130673
1770417182.6020718,0.0009260931215856021
1770417182.6344163,0.0009261127193218484
1770417182.6501322,0.0009261323170218187
1770417182.6832461,0.0009261519146855133
1770417182.7142005,0.0009261050013230972
1770417182.7466254,0.0009261441936543381
1770417182.77759,0.000926163789765528
1770417182.8106246,0.0009262225778814024
1770417182.8430245,0.0009261952474295405
1770417182.8743367,0.0009262148419156745
1770417182.8904634,0.0009262344363655331
1770417182.922213,0.0009262462829113046
1770417182.9377623,0.0009265793566141175
1770417182.969975,0.0009269320114530641
1770417182.985951,0.000928217068628876
1770417183.0182972,0.0009295097772056249
1770417183.0502653,0.000932995381655442
1770417183.0829303,0.0009390542904281554
1770417183.1142876,0.0009455285882373302
1770417183.1464007,0.0009528586127940866
1770417183.1779172,0.0009611791495486747
1770417183.2095144,0.0009691026917547883
1770417183.2261534,0.0009762012381215694
1770417183.2580428,0.000980450141568118
1770417183.2735524,0.0009866253336520744
1770417183.3060207,0.0009899742871184384
1770417183.3380835,0.0009955598099759349
1770417183.3702197,0.0009992363278340654
1770417183.4023333,0.0010006948762276422
1770417183.4342332,0.0010009671141801768
1770417183.466037,0.0010009671141801768
1770417183.4984646,0.0010009671141801768
1770417183.5139146,0.0010009671141801744
1770417183.546969,0.0010009671141801744
1770417183.5779583,0.0010009671141801744
1770417183.610586,0.0010009671141801744
1770417183.6420412,0.0010009671141801744
1770417183.6739516,0.0010009671141801733
1770417183.7077868,0.0010009671141801733
