t,vx,vy,vz,wx,wy,wz
1769072792.3822055,0.0,0.0,0.07,0.0,0.0,0.0
1769072792.4018965,0.0,0.0,0.07,0.0,0.0,0.0
1769072792.4226556,0.0,0.0,0.07,0.0,0.0,0.0
1769072792.442266,0.0,0.0,0.07,0.0,0.0,0.0
1769072792.4622579,0.0,0.0,0.07,0.0,0.0,0.0
1769072792.4820578,0.0,0.0,0.07,0.0,0.0,0.0
1769072792.5018303,0.0,0.0,0.07,0.0,0.0,0.0
1769072792.5223143,0.0,0.0,0.07,0.0,0.0,0.0
1769072792.5421922,0.0,0.0,0.07,0.0,0.0,0.0
1769072792.5621154,0.0,0.0,0.07,0.0,0.0,0.0
1769072792.5820887,0.0,0.0,0.07,0.0,0.0,0.0
1769072792.602344,0.0,0.0,0.07,0.0,0.0,0.0
1769072792.622077,0.0,0.0,0.07,0.0,0.0,0.0
1769072792.6422017,0.0,0.0,0.07,0.0,0.0,0.0
1769072792.6621559,0.0,0.0,0.07,0.0,0.0,0.0
1769072792.6822972,0.0,0.0,0.07,0.0,0.0,0.0
1769072792.7020066,0.0,0.0,0.07,0.0,0.0,0.0
1769072792.72204,0.0,0.0,0.07,0.0,0.0,0.0
1769072792.7420793,0.0,0.0,0.07,0.0,0.0,0.0
1769072792.762118,0.0,0.0,0.07,0.0,0.0,0.0
1769072792.7819893,0.0,0.0,0.07,0.0,0.0,0.0
1769072792.8020186,0.0,0.0,0.07,0.0,0.0,0.0
1769072792.8220468,0.0,0.0,0.07,0.0,0.0,0.0
1769072792.841989,0.0,0.0,0.07,0.0,0.0,0.0
1769072792.8620257,0.0,0.0,0.07,0.0,0.0,0.0
1769072792.8824105,0.0,0.0,0.07,0.0,0.0,0.0
1769072792.9021008,0.0,0.0,0.07,0.0,0.0,0.0
1769072792.9220524,0.0,0.0,0.07,0.0,0.0,0.0
1769072792.9420967,0.0,0.0,0.07,0.0,0.0,0.0
1769072792.9620502,0.0,0.0,0.07,0.0,0.0,0.0
1769072792.982078,0.0,0.0,0.07,0.0,0.0,0.0
1769072793.0020618,0.0,0.0,0.07,0.0,0.0,0.0
1769072793.0220594,0.0,0.0,0.07,0.0,0.0,0.0
1769072793.042052,0.0,0.0,0.07,0.0,0.0,0.0
1769072793.0620534,0.0,0.0,0.07,0.0,0.0,0.0
1769072793.0820227,0.0,0.0,0.07,0.0,0.0,0.0
1769072793.1020384,0.0,0.0,0.07,0.0,0.0,0.0
1769072793.1223528,0.0,0.0,0.07,0.0,0.0,0.0
1769072793.1421218,0.0,0.0,0.07,0.0,0.0,0.0
1769072793.1621182,0.0,0.0,0.07,0.0,0.0,0.0
1769072793.1820903,0.0,0.0,0.07,0.0,0.0,0.0
1769072793.2020855,0.0,0.0,0.07,0.0,0.0,0.0
1769072793.222205,0.0,0.0,0.07,0.0,0.0,0.0
1769072793.242136,0.0,0.0,0.07,0.0,0.0,0.0
1769072793.2620494,0.0,0.0,0.07,0.0,0.0,0.0
1769072793.28206,0.0,0.0,0.07,0.0,0.0,0.0
1769072793.302122,0.0,0.0,0.07,0.0,0.0,0.0
1769072793.3221352,0.0,0.0,0.07,0.0,0.0,0.0
1769072793.3421168,0.0,0.0,0.07,0.0,0.0,0.0
1769072793.3624063,0.0,0.0,0.07,0.0,0.0,0.0
1769072793.382345,0.0,0.0,0.07,0.0,0.0,0.0
1769072793.4019473,0.0,0.0,0.07,0.0,0.0,0.0
1769072793.4220078,0.0,0.0,0.07,0.0,0.0,0.0
1769072793.442154,0.0,0.0,0.07,0.0,0.0,0.0
1769072793.462402,0.0,0.0,0.07,0.0,0.0,0.0
1769072793.4820232,0.0,0.0,0.07,0.0,0.0,0.0
1769072793.5022292,0.0,0.0,0.07,0.0,0.0,0.0
1769072793.5221443,0.0,0.0,0.07,0.0,0.0,0.0
1769072793.5424588,0.0,0.0,0.07,0.0,0.0,0.0
1769072793.562029,0.0,0.0,0.07,0.0,0.0,0.0
1769072793.5820599,0.0,0.0,0.07,0.0,0.0,0.0
1769072793.6021569,0.0,0.0,0.07,0.0,0.0,0.0
1769072793.622228,0.0,0.0,0.07,0.0,0.0,0.0
1769072793.6424649,0.0,0.0,0.07,0.0,0.0,0.0
1769072793.6620965,0.0,0.0,0.07,0.0,0.0,0.0
1769072793.6820202,0.0,0.0,0.07,0.0,0.0,0.0
1769072793.7023275,0.0,0.0,0.07,0.0,0.0,0.0
1769072793.721767,0.0,0.0,0.07,0.0,0.0,0.0
1769072793.7421594,0.0,0.0,0.07,0.0,0.0,0.0
1769072793.7620664,0.0,0.0,0.07,0.0,0.0,0.0
1769072793.782374,0.0,0.0,0.07,0.0,0.0,0.0
1769072793.802041,0.0,0.0,0.07,0.0,0.0,0.0
1769072793.8220594,0.0,0.0,0.07,0.0,0.0,0.0
1769072793.8420448,0.0,0.0,0.07,0.0,0.0,0.0
1769072793.8621652,0.0,0.0,0.07,0.0,0.0,0.0
1769072793.8820379,0.0,0.0,0.07,0.0,0.0,0.0
1769072793.9020755,0.0,0.0,0.07,0.0,0.0,0.0
1769072793.9220853,0.0,0.0,0.07,0.0,0.0,0.0
1769072793.942222,0.0,0.0,0.07,0.0,0.0,0.0
1769072793.9620767,0.0,0.0,0.07,0.0,0.0,0.0
1769072793.9820614,0.0,0.0,0.07,0.0,0.0,0.0
1769072794.0020306,0.0,0.0,0.07,0.0,0.0,0.0
1769072794.0221503,0.0,0.0,0.07,0.0,0.0,0.0
1769072794.0420184,0.0,0.0,0.07,0.0,0.0,0.0
1769072794.0620387,0.0,0.0,0.07,0.0,0.0,0.0
1769072794.0820239,0.0,0.0,0.07,0.0,0.0,0.0
1769072794.1021392,0.0,0.0,0.07,0.0,0.0,0.0
1769072794.1220174,0.0,0.0,0.07,0.0,0.0,0.0
1769072794.1421535,0.0,0.0,0.07,0.0,0.0,0.0
1769072794.162098,0.0,0.0,0.07,0.0,0.0,0.0
1769072794.182129,0.0,0.0,0.07,0.0,0.0,0.0
1769072794.202041,0.0,0.0,0.07,0.0,0.0,0.0
1769072794.2220898,0.0,0.0,0.07,0.0,0.0,0.0
1769072794.242216,0.0,0.0,0.07,0.0,0.0,0.0
1769072794.2622604,0.0,0.0,0.07,0.0,0.0,0.0
1769072794.2820432,0.0,0.0,0.07,0.0,0.0,0.0
1769072794.3020911,0.0,0.0,0.07,0.0,0.0,0.0
1769072794.3220732,0.0,0.0,0.07,0.0,0.0,0.0
1769072794.3424342,0.0,0.0,0.07,0.0,0.0,0.0
1769072794.362053,0.0,0.0,0.07,0.0,0.0,0.0
1769072794.382058,0.0,0.0,0.07,0.0,0.0,0.0
1769072794.402061,0.0,0.0,0.07,0.0,0.0,0.0
1769072794.4222183,0.0,0.0,0.07,0.0,0.0,0.0
1769072794.4423559,0.0,0.0,0.07,0.0,0.0,0.0
1769072794.462305,0.0,0.0,0.07,0.0,0.0,0.0
1769072794.4821336,0.0,0.0,0.07,0.0,0.0,0.0
1769072794.5024016,0.0,0.0,0.07,0.0,0.0,0.0
1769072794.5221798,0.0,0.0,0.07,0.0,0.0,0.0
1769072794.5421314,0.0,0.0,0.07,0.0,0.0,0.0
1769072794.5621574,0.0,0.0,0.07,0.0,0.0,0.0
1769072794.5820918,0.0,0.0,0.07,0.0,0.0,0.0
1769072794.6020458,0.0,0.0,0.07,0.0,0.0,0.0
1769072794.622103,0.0,0.0,0.07,0.0,0.0,0.0
1769072794.642209,0.0,0.0,0.07,0.0,0.0,0.0
1769072794.662063,0.0,0.0,0.07,0.0,0.0,0.0
1769072794.6821105,0.0,0.0,0.07,0.0,0.0,0.0
1769072794.7020962,0.0,0.0,0.07,0.0,0.0,0.0
1769072794.7221022,0.0,0.0,0.07,0.0,0.0,0.0
1769072794.7420828,0.0,0.0,0.07,0.0,0.0,0.0
1769072794.762103,0.0,0.0,0.07,0.0,0.0,0.0
1769072794.782082,0.0,0.0,0.07,0.0,0.0,0.0
1769072794.802038,0.0,0.0,0.07,0.0,0.0,0.0
1769072794.8221452,0.0,0.0,0.07,0.0,0.0,0.0
1769072794.8420208,0.0,0.0,0.07,0.0,0.0,0.0
1769072794.8619852,0.0,0.0,0.07,0.0,0.0,0.0
1769072794.8823526,0.0,0.0,0.07,0.0,0.0,0.0
1769072794.9021091,0.0,0.0,0.07,0.0,0.0,0.0
1769072794.9219754,0.0,0.0,0.07,0.0,0.0,0.0
1769072794.9420762,0.0,0.0,0.07,0.0,0.0,0.0
1769072794.9620128,0.0,0.0,0.07,0.0,0.0,0.0
1769072794.9821768,0.0,0.0,0.07,0.0,0.0,0.0
1769072795.0023453,0.0,0.0,-0.07,0.0,0.0,0.0
1769072795.0220618,0.0,0.0,-0.07,0.0,0.0,0.0
1769072795.042032,0.0,0.0,-0.07,0.0,0.0,0.0
1769072795.0620914,0.0,0.0,-0.07,0.0,0.0,0.0
1769072795.08209,0.0,0.0,-0.07,0.0,0.0,0.0
1769072795.1020608,0.0,0.0,-0.07,0.0,0.0,0.0
1769072795.1220508,0.0,0.0,-0.07,0.0,0.0,0.0
1769072795.142699,0.0,0.0,-0.07,0.0,0.0,0.0
1769072795.162066,0.0,0.0,-0.07,0.0,0.0,0.0
1769072795.1820576,0.0,0.0,-0.07,0.0,0.0,0.0
1769072795.2020354,0.0,0.0,-0.07,0.0,0.0,0.0
1769072795.2220469,0.0,0.0,-0.07,0.0,0.0,0.0
1769072795.242029,0.0,0.0,-0.07,0.0,0.0,0.0
1769072795.262301,0.0,0.0,-0.07,0.0,0.0,0.0
1769072795.2825053,0.0,0.0,-0.07,0.0,0.0,0.0
1769072795.3021574,0.0,0.0,-0.07,0.0,0.0,0.0
1769072795.3221033,0.0,0.0,-0.07,0.0,0.0,0.0
1769072795.3421137,0.0,0.0,-0.07,0.0,0.0,0.0
1769072795.362204,0.0,0.0,-0.07,0.0,0.0,0.0
1769072795.3820634,0.0,0.0,-0.07,0.0,0.0,0.0
1769072795.4020028,0.0,0.0,-0.07,0.0,0.0,0.0
1769072795.4220188,0.0,0.0,-0.07,0.0,0.0,0.0
1769072795.4420507,0.0,0.0,-0.07,0.0,0.0,0.0
1769072795.4620774,0.0,0.0,-0.07,0.0,0.0,0.0
1769072795.482033,0.0,0.0,-0.07,0.0,0.0,0.0
1769072795.5020099,0.0,0.0,-0.07,0.0,0.0,0.0
1769072795.5226977,0.0,0.0,-0.07,0.0,0.0,0.0
1769072795.5422084,0.0,0.0,-0.07,0.0,0.0,0.0
1769072795.5620306,0.0,0.0,-0.07,0.0,0.0,0.0
1769072795.582013,0.0,0.0,-0.07,0.0,0.0,0.0
1769072795.6020231,0.0,0.0,-0.07,0.0,0.0,0.0
1769072795.6220973,0.0,0.0,-0.07,0.0,0.0,0.0
1769072795.6420207,0.0,0.0,-0.07,0.0,0.0,0.0
1769072795.6620872,0.0,0.0,-0.07,0.0,0.0,0.0
1769072795.682236,0.0,0.0,-0.07,0.0,0.0,0.0
1769072795.702061,0.0,0.0,-0.07,0.0,0.0,0.0
1769072795.7220485,0.0,0.0,-0.07,0.0,0.0,0.0
1769072795.742073,0.0,0.0,-0.07,0.0,0.0,0.0
1769072795.7623265,0.0,0.0,-0.07,0.0,0.0,0.0
1769072795.7821364,0.0,0.0,-0.07,0.0,0.0,0.0
1769072795.8020806,0.0,0.0,-0.07,0.0,0.0,0.0
1769072795.8221707,0.0,0.0,-0.07,0.0,0.0,0.0
1769072795.8420694,0.0,0.0,-0.07,0.0,0.0,0.0
1769072795.8621647,0.0,0.0,-0.07,0.0,0.0,0.0
1769072795.8820233,0.0,0.0,-0.07,0.0,0.0,0.0
1769072795.9020295,0.0,0.0,-0.07,0.0,0.0,0.0
1769072795.9225817,0.0,0.0,-0.07,0.0,0.0,0.0
1769072795.9422588,0.0,0.0,-0.07,0.0,0.0,0.0
1769072795.9620454,0.0,0.0,-0.07,0.0,0.0,0.0
1769072795.9819868,0.0,0.0,-0.07,0.0,0.0,0.0
1769072796.002025,0.0,0.0,-0.07,0.0,0.0,0.0
1769072796.0220401,0.0,0.0,-0.07,0.0,0.0,0.0
1769072796.0419886,0.0,0.0,-0.07,0.0,0.0,0.0
1769072796.06207,0.0,0.0,-0.07,0.0,0.0,0.0
1769072796.0821002,0.0,0.0,-0.07,0.0,0.0,0.0
1769072796.102081,0.0,0.0,-0.07,0.0,0.0,0.0
1769072796.1220198,0.0,0.0,-0.07,0.0,0.0,0.0
1769072796.1420805,0.0,0.0,-0.07,0.0,0.0,0.0
1769072796.1624365,0.0,0.0,-0.07,0.0,0.0,0.0
1769072796.18241,0.0,0.0,-0.07,0.0,0.0,0.0
1769072796.2021558,0.0,0.0,-0.07,0.0,0.0,0.0
1769072796.2220416,0.0,0.0,-0.07,0.0,0.0,0.0
1769072796.242085,0.0,0.0,-0.07,0.0,0.0,0.0
1769072796.2622042,0.0,0.0,-0.07,0.0,0.0,0.0
1769072796.2820442,0.0,0.0,-0.07,0.0,0.0,0.0
1769072796.3020804,0.0,0.0,-0.07,0.0,0.0,0.0
1769072796.322073,0.0,0.0,-0.07,0.0,0.0,0.0
1769072796.3421516,0.0,0.0,-0.07,0.0,0.0,0.0
1769072796.3620558,0.0,0.0,-0.07,0.0,0.0,0.0
1769072796.3820672,0.0,0.0,-0.07,0.0,0.0,0.0
1769072796.4020174,0.0,0.0,-0.07,0.0,0.0,0.0
1769072796.422117,0.0,0.0,-0.07,0.0,0.0,0.0
1769072796.4421012,0.0,0.0,-0.07,0.0,0.0,0.0
1769072796.4620793,0.0,0.0,-0.07,0.0,0.0,0.0
1769072796.482062,0.0,0.0,-0.07,0.0,0.0,0.0
1769072796.5021315,0.0,0.0,-0.07,0.0,0.0,0.0
1769072796.5220351,0.0,0.0,-0.07,0.0,0.0,0.0
1769072796.5420833,0.0,0.0,-0.07,0.0,0.0,0.0
1769072796.5620317,0.0,0.0,-0.07,0.0,0.0,0.0
1769072796.5821323,0.0,0.0,-0.07,0.0,0.0,0.0
1769072796.6020708,0.0,0.0,-0.07,0.0,0.0,0.0
1769072796.6220243,0.0,0.0,-0.07,0.0,0.0,0.0
1769072796.642092,0.0,0.0,-0.07,0.0,0.0,0.0
1769072796.6623645,0.0,0.0,-0.07,0.0,0.0,0.0
1769072796.6820884,0.0,0.0,-0.07,0.0,0.0,0.0
1769072796.7020714,0.0,0.0,-0.07,0.0,0.0,0.0
1769072796.7220616,0.0,0.0,-0.07,0.0,0.0,0.0
1769072796.7421663,0.0,0.0,-0.07,0.0,0.0,0.0
1769072796.76205,0.0,0.0,-0.07,0.0,0.0,0.0
1769072796.782047,0.0,0.0,-0.07,0.0,0.0,0.0
1769072796.8020194,0.0,0.0,-0.07,0.0,0.0,0.0
1769072796.822238,0.0,0.0,-0.07,0.0,0.0,0.0
1769072796.8420568,0.0,0.0,-0.07,0.0,0.0,0.0
1769072796.8620508,0.0,0.0,-0.07,0.0,0.0,0.0
1769072796.8820562,0.0,0.0,-0.07,0.0,0.0,0.0
1769072796.9021485,0.0,0.0,-0.07,0.0,0.0,0.0
1769072796.922058,0.0,0.0,-0.07,0.0,0.0,0.0
1769072796.9421558,0.0,0.0,-0.07,0.0,0.0,0.0
1769072796.962054,0.0,0.0,-0.07,0.0,0.0,0.0
1769072796.982168,0.0,0.0,-0.07,0.0,0.0,0.0
1769072797.002037,0.0,0.0,-0.07,0.0,0.0,0.0
1769072797.022035,0.0,0.0,-0.07,0.0,0.0,0.0
1769072797.0420537,0.0,0.0,-0.07,0.0,0.0,0.0
1769072797.0620763,0.0,0.0,-0.07,0.0,0.0,0.0
1769072797.082027,0.0,0.0,-0.07,0.0,0.0,0.0
1769072797.1020334,0.0,0.0,-0.07,0.0,0.0,0.0
1769072797.1220012,0.0,0.0,-0.07,0.0,0.0,0.0
1769072797.1422625,0.0,0.0,-0.07,0.0,0.0,0.0
1769072797.1620016,0.0,0.0,-0.07,0.0,0.0,0.0
1769072797.1820583,0.0,0.0,-0.07,0.0,0.0,0.0
1769072797.2022283,0.0,0.0,-0.07,0.0,0.0,0.0
1769072797.2222838,0.0,0.0,-0.07,0.0,0.0,0.0
1769072797.242133,0.0,0.0,-0.07,0.0,0.0,0.0
1769072797.2621007,0.0,0.0,-0.07,0.0,0.0,0.0
1769072797.282096,0.0,0.0,-0.07,0.0,0.0,0.0
1769072797.302298,0.0,0.0,-0.07,0.0,0.0,0.0
1769072797.3220782,0.0,0.0,-0.07,0.0,0.0,0.0
1769072797.3420987,0.0,0.0,-0.07,0.0,0.0,0.0
1769072797.3620827,0.0,0.0,-0.07,0.0,0.0,0.0
1769072797.382105,0.0,0.0,-0.07,0.0,0.0,0.0
1769072797.4020574,0.0,0.0,-0.07,0.0,0.0,0.0
1769072797.422356,0.0,0.0,-0.07,0.0,0.0,0.0
1769072797.4430501,0.0,0.0,-0.07,0.0,0.0,0.0
1769072797.4623206,0.0,0.0,-0.07,0.0,0.0,0.0
1769072797.4818437,0.0,0.0,-0.07,0.0,0.0,0.0
1769072797.5021443,0.0,0.0,-0.07,0.0,0.0,0.0
1769072797.522112,0.0,0.0,-0.07,0.0,0.0,0.0
1769072797.5422769,0.0,0.0,-0.07,0.0,0.0,0.0
1769072797.5620878,0.0,0.0,-0.07,0.0,0.0,0.0
1769072797.5820913,0.0,0.0,-0.07,0.0,0.0,0.0
1769072797.6021023,0.0,0.0,-0.07,0.0,0.0,0.0
1769072797.6222003,0.0,0.0,-0.07,0.0,0.0,0.0
1769072797.6420615,0.0,0.0,-0.07,0.0,0.0,0.0
1769072797.6624308,0.0,0.0,-0.07,0.0,0.0,0.0
1769072797.6822658,0.0,0.0,-0.07,0.0,0.0,0.0
1769072797.702415,0.0,0.0,-0.07,0.0,0.0,0.0
1769072797.7220964,0.0,0.0,-0.07,0.0,0.0,0.0
1769072797.742136,0.0,0.0,-0.07,0.0,0.0,0.0
1769072797.7621007,0.0,0.0,-0.07,0.0,0.0,0.0
1769072797.7820911,0.0,0.0,-0.07,0.0,0.0,0.0
1769072797.8020496,0.0,0.0,-0.07,0.0,0.0,0.0
1769072797.8220615,0.0,0.0,-0.07,0.0,0.0,0.0
1769072797.8421059,0.0,0.0,-0.07,0.0,0.0,0.0
1769072797.8621185,0.0,0.0,-0.07,0.0,0.0,0.0
1769072797.882054,0.0,0.0,-0.07,0.0,0.0,0.0
1769072797.9020445,0.0,0.0,-0.07,0.0,0.0,0.0
1769072797.9220736,0.0,0.0,-0.07,0.0,0.0,0.0
1769072797.9421744,0.0,0.0,-0.07,0.0,0.0,0.0
1769072797.9621322,0.0,0.0,-0.07,0.0,0.0,0.0
1769072797.9820411,0.0,0.0,-0.07,0.0,0.0,0.0
1769072798.0020487,0.0,0.0,-0.07,0.0,0.0,0.0
1769072798.022101,0.0,0.0,-0.07,0.0,0.0,0.0
1769072798.0420532,0.0,0.0,-0.07,0.0,0.0,0.0
1769072798.0620399,0.0,0.0,-0.07,0.0,0.0,0.0
1769072798.08205,0.0,0.0,-0.07,0.0,0.0,0.0
1769072798.1020615,0.0,0.0,-0.07,0.0,0.0,0.0
1769072798.122072,0.0,0.0,-0.07,0.0,0.0,0.0
1769072798.1420887,0.0,0.0,-0.07,0.0,0.0,0.0
1769072798.1621203,0.0,0.0,-0.07,0.0,0.0,0.0
1769072798.1824093,0.0,0.0,-0.07,0.0,0.0,0.0
1769072798.2020462,0.0,0.0,-0.07,0.0,0.0,0.0
1769072798.2220182,0.0,0.0,-0.07,0.0,0.0,0.0
1769072798.2423074,0.0,0.0,-0.07,0.0,0.0,0.0
1769072798.262358,0.0,0.0,-0.07,0.0,0.0,0.0
1769072798.282031,0.0,0.0,-0.07,0.0,0.0,0.0
1769072798.3020632,0.0,0.0,-0.07,0.0,0.0,0.0
1769072798.322154,0.0,0.0,-0.07,0.0,0.0,0.0
1769072798.3419065,0.0,0.0,-0.07,0.0,0.0,0.0
1769072798.3626504,0.0,0.0,-0.07,0.0,0.0,0.0
1769072798.3819373,0.0,0.0,-0.07,0.0,0.0,0.0
1769072798.4019175,0.0,0.0,-0.07,0.0,0.0,0.0
1769072798.4221203,0.0,0.0,-0.07,0.0,0.0,0.0
1769072798.4420655,0.0,0.0,-0.07,0.0,0.0,0.0
1769072798.4620483,0.0,0.0,-0.07,0.0,0.0,0.0
1769072798.4828448,0.0,0.0,-0.07,0.0,0.0,0.0
1769072798.5028224,0.0,0.0,-0.07,0.0,0.0,0.0
1769072798.522119,0.0,0.0,-0.07,0.0,0.0,0.0
1769072798.542118,0.0,0.0,-0.07,0.0,0.0,0.0
1769072798.5621006,0.0,0.0,-0.07,0.0,0.0,0.0
1769072798.5821707,0.0,0.0,-0.07,0.0,0.0,0.0
1769072798.6020837,0.0,0.0,-0.07,0.0,0.0,0.0
1769072798.622053,0.0,0.0,-0.07,0.0,0.0,0.0
1769072798.6420999,0.0,0.0,-0.07,0.0,0.0,0.0
1769072798.6620803,0.0,0.0,-0.07,0.0,0.0,0.0
1769072798.682159,0.0,0.0,-0.07,0.0,0.0,0.0
1769072798.7022321,0.0,0.0,-0.07,0.0,0.0,0.0
1769072798.7221296,0.0,0.0,-0.07,0.0,0.0,0.0
1769072798.742415,0.0,0.0,-0.07,0.0,0.0,0.0
1769072798.7621706,0.0,0.0,-0.07,0.0,0.0,0.0
1769072798.7820466,0.0,0.0,-0.07,0.0,0.0,0.0
1769072798.8020794,0.0,0.0,-0.07,0.0,0.0,0.0
1769072798.822035,0.0,0.0,-0.07,0.0,0.0,0.0
1769072798.8420546,0.0,0.0,-0.07,0.0,0.0,0.0
1769072798.8620086,0.0,0.0,-0.07,0.0,0.0,0.0
1769072798.8820322,0.0,0.0,-0.07,0.0,0.0,0.0
1769072798.9020462,0.0,0.0,-0.07,0.0,0.0,0.0
1769072798.9220245,0.0,0.0,-0.07,0.0,0.0,0.0
1769072798.9420626,0.0,0.0,-0.07,0.0,0.0,0.0
1769072798.9620106,0.0,0.0,-0.07,0.0,0.0,0.0
1769072798.9819715,0.0,0.0,-0.07,0.0,0.0,0.0
1769072799.0020876,0.0,0.0,-0.07,0.0,0.0,0.0
1769072799.0220325,0.0,0.0,-0.07,0.0,0.0,0.0
1769072799.0420303,0.0,0.0,-0.07,0.0,0.0,0.0
1769072799.0628061,0.0,0.0,-0.07,0.0,0.0,0.0
1769072799.0820189,0.0,0.0,-0.07,0.0,0.0,0.0
1769072799.1020129,0.0,0.0,-0.07,0.0,0.0,0.0
1769072799.1220863,0.0,0.0,-0.07,0.0,0.0,0.0
1769072799.1421552,0.0,0.0,-0.07,0.0,0.0,0.0
1769072799.1621022,0.0,0.0,-0.07,0.0,0.0,0.0
1769072799.1820588,0.0,0.0,-0.07,0.0,0.0,0.0
1769072799.2021425,0.0,0.0,-0.07,0.0,0.0,0.0
1769072799.2228386,0.0,0.0,-0.07,0.0,0.0,0.0
1769072799.2421184,0.0,0.0,-0.07,0.0,0.0,0.0
1769072799.2622042,0.0,0.0,-0.07,0.0,0.0,0.0
1769072799.2821908,0.0,0.0,-0.07,0.0,0.0,0.0
1769072799.302838,0.0,0.0,-0.07,0.0,0.0,0.0
1769072799.3220134,0.0,0.0,-0.07,0.0,0.0,0.0
1769072799.3420343,0.0,0.0,-0.07,0.0,0.0,0.0
1769072799.3620374,0.0,0.0,-0.07,0.0,0.0,0.0
1769072799.3827417,0.0,0.0,-0.07,0.0,0.0,0.0
1769072799.401995,0.0,0.0,-0.07,0.0,0.0,0.0
1769072799.4220116,0.0,0.0,-0.07,0.0,0.0,0.0
1769072799.442405,0.0,0.0,-0.07,0.0,0.0,0.0
1769072799.462382,0.0,0.0,-0.07,0.0,0.0,0.0
1769072799.4820454,0.0,0.0,-0.07,0.0,0.0,0.0
1769072799.5020733,0.0,0.0,-0.07,0.0,0.0,0.0
1769072799.5221188,0.0,0.0,-0.07,0.0,0.0,0.0
1769072799.5421295,0.0,0.0,-0.07,0.0,0.0,0.0
1769072799.5620356,0.0,0.0,-0.07,0.0,0.0,0.0
1769072799.5820267,0.0,0.0,-0.07,0.0,0.0,0.0
1769072799.6020226,0.0,0.0,-0.07,0.0,0.0,0.0
1769072799.6220992,0.0,0.0,-0.07,0.0,0.0,0.0
1769072799.6420255,0.0,0.0,-0.07,0.0,0.0,0.0
1769072799.6620188,0.0,0.0,-0.07,0.0,0.0,0.0
1769072799.6820211,0.0,0.0,-0.07,0.0,0.0,0.0
1769072799.7020674,0.0,0.0,-0.07,0.0,0.0,0.0
1769072799.7220895,0.0,0.0,-0.07,0.0,0.0,0.0
1769072799.742366,0.0,0.0,-0.07,0.0,0.0,0.0
1769072799.7620592,0.0,0.0,-0.07,0.0,0.0,0.0
1769072799.7826357,0.0,0.0,-0.07,0.0,0.0,0.0
1769072799.8020573,0.0,0.0,-0.07,0.0,0.0,0.0
1769072799.8220518,0.0,0.0,-0.07,0.0,0.0,0.0
1769072799.8420944,0.0,0.0,-0.07,0.0,0.0,0.0
1769072799.862581,0.0,0.0,-0.07,0.0,0.0,0.0
1769072799.8820786,0.0,0.0,-0.07,0.0,0.0,0.0
1769072799.9020562,0.0,0.0,-0.07,0.0,0.0,0.0
1769072799.922059,0.0,0.0,-0.07,0.0,0.0,0.0
1769072799.9425914,0.0,0.0,-0.07,0.0,0.0,0.0
1769072799.962046,0.0,0.0,-0.07,0.0,0.0,0.0
1769072799.9824772,0.0,0.0,-0.07,0.0,0.0,0.0
1769072800.0020688,0.0,0.0,-0.07,0.0,0.0,0.0
1769072800.022662,0.0,0.0,-0.07,0.0,0.0,0.0
1769072800.0420728,0.0,0.0,-0.07,0.0,0.0,0.0
1769072800.0623298,0.0,0.0,-0.07,0.0,0.0,0.0
1769072800.082061,0.0,0.0,-0.07,0.0,0.0,0.0
1769072800.1023874,0.0,0.0,-0.07,0.0,0.0,0.0
1769072800.1220963,0.0,0.0,-0.07,0.0,0.0,0.0
1769072800.1422176,0.0,0.0,-0.07,0.0,0.0,0.0
1769072800.1622314,0.0,0.0,-0.07,0.0,0.0,0.0
1769072800.1824203,0.0,0.0,-0.07,0.0,0.0,0.0
1769072800.2020645,0.0,0.0,-0.07,0.0,0.0,0.0
1769072800.222366,0.0,0.0,-0.07,0.0,0.0,0.0
1769072800.2423046,0.0,0.0,-0.07,0.0,0.0,0.0
1769072800.2624679,0.0,0.0,-0.07,0.0,0.0,0.0
1769072800.2820294,0.0,0.0,-0.07,0.0,0.0,0.0
1769072800.3022041,0.0,0.0,-0.07,0.0,0.0,0.0
1769072800.3223135,0.0,0.0,-0.07,0.0,0.0,0.0
1769072800.342514,0.0,0.0,-0.07,0.0,0.0,0.0
1769072800.3621116,0.0,0.0,-0.07,0.0,0.0,0.0
1769072800.3820267,0.0,0.0,-0.07,0.0,0.0,0.0
1769072800.402003,0.0,0.0,-0.07,0.0,0.0,0.0
1769072800.4225047,0.0,0.0,-0.07,0.0,0.0,0.0
1769072800.4420378,0.0,0.0,-0.07,0.0,0.0,0.0
1769072800.462019,0.0,0.0,-0.07,0.0,0.0,0.0
1769072800.4821107,0.0,0.0,-0.07,0.0,0.0,0.0
1769072800.502502,0.0,0.0,-0.07,0.0,0.0,0.0
1769072800.5220785,0.0,0.0,-0.07,0.0,0.0,0.0
1769072800.542168,0.0,0.0,-0.07,0.0,0.0,0.0
1769072800.562097,0.0,0.0,-0.07,0.0,0.0,0.0
1769072800.5823126,0.0,0.0,-0.07,0.0,0.0,0.0
1769072800.6020145,0.0,0.0,-0.07,0.0,0.0,0.0
1769072800.6220374,0.0,0.0,0.07,0.0,0.0,0.0
1769072800.6421673,0.0,0.0,0.07,0.0,0.0,0.0
1769072800.6625035,0.0,0.0,0.07,0.0,0.0,0.0
1769072800.682075,0.0,0.0,0.07,0.0,0.0,0.0
1769072800.702067,0.0,0.0,0.07,0.0,0.0,0.0
1769072800.722501,0.0,0.0,0.07,0.0,0.0,0.0
1769072800.742759,0.0,0.0,0.07,0.0,0.0,0.0
1769072800.7621176,0.0,0.0,0.07,0.0,0.0,0.0
1769072800.7821186,0.0,0.0,0.07,0.0,0.0,0.0
1769072800.8022137,0.0,0.0,0.07,0.0,0.0,0.0
1769072800.8223155,0.0,0.0,0.07,0.0,0.0,0.0
1769072800.8420863,0.0,0.0,0.07,0.0,0.0,0.0
1769072800.8624077,0.0,0.0,0.07,0.0,0.0,0.0
1769072800.882085,0.0,0.0,0.07,0.0,0.0,0.0
1769072800.9019601,0.0,0.0,0.07,0.0,0.0,0.0
1769072800.9220574,0.0,0.0,0.07,0.0,0.0,0.0
1769072800.9421573,0.0,0.0,0.07,0.0,0.0,0.0
1769072800.9620605,0.0,0.0,0.07,0.0,0.0,0.0
1769072800.9823802,0.0,0.0,0.07,0.0,0.0,0.0
1769072801.0021622,0.0,0.0,0.07,0.0,0.0,0.0
1769072801.0220625,0.0,0.0,0.07,0.0,0.0,0.0
1769072801.042103,0.0,0.0,0.07,0.0,0.0,0.0
1769072801.061972,0.0,0.0,0.07,0.0,0.0,0.0
1769072801.0820472,0.0,0.0,0.07,0.0,0.0,0.0
1769072801.1020424,0.0,0.0,0.07,0.0,0.0,0.0
1769072801.1220691,0.0,0.0,0.07,0.0,0.0,0.0
1769072801.1420233,0.0,0.0,0.07,0.0,0.0,0.0
1769072801.1620739,0.0,0.0,0.07,0.0,0.0,0.0
1769072801.18207,0.0,0.0,0.07,0.0,0.0,0.0
1769072801.2020538,0.0,0.0,0.07,0.0,0.0,0.0
1769072801.2217524,0.0,0.0,0.07,0.0,0.0,0.0
1769072801.2421637,0.0,0.0,0.07,0.0,0.0,0.0
1769072801.2622042,0.0,0.0,0.07,0.0,0.0,0.0
1769072801.2820518,0.0,0.0,0.07,0.0,0.0,0.0
1769072801.3023179,0.0,0.0,0.07,0.0,0.0,0.0
1769072801.322152,0.0,0.0,0.07,0.0,0.0,0.0
1769072801.3421316,0.0,0.0,0.07,0.0,0.0,0.0
1769072801.362069,0.0,0.0,0.07,0.0,0.0,0.0
1769072801.3820405,0.0,0.0,0.07,0.0,0.0,0.0
1769072801.4020517,0.0,0.0,0.07,0.0,0.0,0.0
1769072801.4220097,0.0,0.0,0.07,0.0,0.0,0.0
1769072801.442107,0.0,0.0,0.07,0.0,0.0,0.0
1769072801.4622564,0.0,0.0,0.07,0.0,0.0,0.0
1769072801.4820604,0.0,0.0,0.07,0.0,0.0,0.0
1769072801.5024204,0.0,0.0,0.07,0.0,0.0,0.0
1769072801.5220673,0.0,0.0,0.07,0.0,0.0,0.0
1769072801.5423994,0.0,0.0,0.07,0.0,0.0,0.0
1769072801.562112,0.0,0.0,0.07,0.0,0.0,0.0
1769072801.5820467,0.0,0.0,0.07,0.0,0.0,0.0
1769072801.6021228,0.0,0.0,0.07,0.0,0.0,0.0
1769072801.6221902,0.0,0.0,0.07,0.0,0.0,0.0
1769072801.6420333,0.0,0.0,0.07,0.0,0.0,0.0
1769072801.6620216,0.0,0.0,0.07,0.0,0.0,0.0
1769072801.682094,0.0,0.0,0.07,0.0,0.0,0.0
1769072801.7019858,0.0,0.0,0.07,0.0,0.0,0.0
1769072801.7220035,0.0,0.0,0.07,0.0,0.0,0.0
1769072801.7422807,0.0,0.0,0.07,0.0,0.0,0.0
1769072801.7620559,0.0,0.0,0.07,0.0,0.0,0.0
1769072801.782056,0.0,0.0,0.07,0.0,0.0,0.0
1769072801.8020837,0.0,0.0,0.07,0.0,0.0,0.0
1769072801.8223984,0.0,0.0,0.07,0.0,0.0,0.0
1769072801.842097,0.0,0.0,0.07,0.0,0.0,0.0
1769072801.8621542,0.0,0.0,0.07,0.0,0.0,0.0
1769072801.882041,0.0,0.0,0.07,0.0,0.0,0.0
1769072801.902078,0.0,0.0,0.07,0.0,0.0,0.0
1769072801.9220428,0.0,0.0,0.07,0.0,0.0,0.0
1769072801.9421175,0.0,0.0,0.07,0.0,0.0,0.0
1769072801.9620347,0.0,0.0,0.07,0.0,0.0,0.0
1769072801.9820158,0.0,0.0,0.07,0.0,0.0,0.0
1769072802.0020337,0.0,0.0,0.07,0.0,0.0,0.0
1769072802.0220628,0.0,0.0,0.07,0.0,0.0,0.0
1769072802.0420554,0.0,0.0,0.07,0.0,0.0,0.0
1769072802.0619946,0.0,0.0,0.07,0.0,0.0,0.0
1769072802.0822394,0.0,0.0,0.07,0.0,0.0,0.0
1769072802.102024,0.0,0.0,0.07,0.0,0.0,0.0
1769072802.122035,0.0,0.0,0.07,0.0,0.0,0.0
1769072802.1420562,0.0,0.0,0.07,0.0,0.0,0.0
1769072802.1620216,0.0,0.0,0.07,0.0,0.0,0.0
1769072802.1819441,0.0,0.0,0.07,0.0,0.0,0.0
1769072802.2020192,0.0,0.0,0.07,0.0,0.0,0.0
1769072802.2220664,0.0,0.0,0.07,0.0,0.0,0.0
1769072802.2422647,0.0,0.0,0.07,0.0,0.0,0.0
1769072802.2620575,0.0,0.0,0.07,0.0,0.0,0.0
1769072802.2820163,0.0,0.0,0.07,0.0,0.0,0.0
1769072802.3019943,0.0,0.0,0.07,0.0,0.0,0.0
1769072802.3220742,0.0,0.0,0.07,0.0,0.0,0.0
1769072802.3428402,0.0,0.0,0.07,0.0,0.0,0.0
1769072802.3620825,0.0,0.0,0.07,0.0,0.0,0.0
1769072802.3820405,0.0,0.0,0.07,0.0,0.0,0.0
1769072802.4021525,0.0,0.0,0.07,0.0,0.0,0.0
1769072802.4220054,0.0,0.0,0.07,0.0,0.0,0.0
1769072802.4420197,0.0,0.0,0.07,0.0,0.0,0.0
1769072802.4619918,0.0,0.0,0.07,0.0,0.0,0.0
1769072802.4820945,0.0,0.0,0.07,0.0,0.0,0.0
1769072802.5020113,0.0,0.0,0.07,0.0,0.0,0.0
1769072802.522046,0.0,0.0,0.07,0.0,0.0,0.0
1769072802.5420535,0.0,0.0,0.07,0.0,0.0,0.0
1769072802.5620596,0.0,0.0,0.07,0.0,0.0,0.0
1769072802.5820878,0.0,0.0,0.07,0.0,0.0,0.0
1769072802.6020474,0.0,0.0,0.07,0.0,0.0,0.0
1769072802.622079,0.0,0.0,0.07,0.0,0.0,0.0
1769072802.6420224,0.0,0.0,0.07,0.0,0.0,0.0
1769072802.662025,0.0,0.0,0.07,0.0,0.0,0.0
1769072802.6820266,0.0,0.0,0.07,0.0,0.0,0.0
1769072802.7020378,0.0,0.0,0.07,0.0,0.0,0.0
1769072802.7221222,0.0,0.0,0.07,0.0,0.0,0.0
1769072802.7421412,0.0,0.0,0.07,0.0,0.0,0.0
1769072802.76206,0.0,0.0,0.07,0.0,0.0,0.0
1769072802.7820313,0.0,0.0,0.07,0.0,0.0,0.0
1769072802.8020074,0.0,0.0,0.07,0.0,0.0,0.0
1769072802.8220403,0.0,0.0,0.07,0.0,0.0,0.0
1769072802.8421884,0.0,0.0,0.07,0.0,0.0,0.0
1769072802.8620849,0.0,0.0,0.07,0.0,0.0,0.0
1769072802.882009,0.0,0.0,0.07,0.0,0.0,0.0
1769072802.9020386,0.0,0.0,0.07,0.0,0.0,0.0
1769072802.9220273,0.0,0.0,0.07,0.0,0.0,0.0
1769072802.9420302,0.0,0.0,0.07,0.0,0.0,0.0
1769072802.9621584,0.0,0.0,0.07,0.0,0.0,0.0
1769072802.982037,0.0,0.0,0.07,0.0,0.0,0.0
1769072803.0020437,0.0,0.0,0.07,0.0,0.0,0.0
1769072803.0220664,0.0,0.0,0.07,0.0,0.0,0.0
1769072803.0422838,0.0,0.0,0.07,0.0,0.0,0.0
1769072803.0620153,0.0,0.0,0.07,0.0,0.0,0.0
1769072803.0820189,0.0,0.0,0.07,0.0,0.0,0.0
1769072803.1023488,0.0,0.0,0.07,0.0,0.0,0.0
1769072803.122553,0.0,0.0,0.07,0.0,0.0,0.0
1769072803.1420095,0.0,0.0,0.07,0.0,0.0,0.0
1769072803.1619534,0.0,0.0,0.07,0.0,0.0,0.0
1769072803.1820116,0.0,0.0,0.07,0.0,0.0,0.0
1769072803.2024953,0.0,0.0,0.07,0.0,0.0,0.0
1769072803.221991,0.0,0.0,0.07,0.0,0.0,0.0
1769072803.2421,0.0,0.0,0.07,0.0,0.0,0.0
1769072803.2622132,0.0,0.0,0.07,0.0,0.0,0.0
1769072803.281997,0.0,0.0,0.07,0.0,0.0,0.0
1769072803.3023422,0.0,0.0,0.07,0.0,0.0,0.0
1769072803.3219733,0.0,0.0,0.07,0.0,0.0,0.0
1769072803.3419857,0.0,0.0,0.07,0.0,0.0,0.0
1769072803.3629086,0.0,0.0,0.07,0.0,0.0,0.0
1769072803.3820655,0.0,0.0,0.07,0.0,0.0,0.0
1769072803.402052,0.0,0.0,0.07,0.0,0.0,0.0
1769072803.422063,0.0,0.0,0.07,0.0,0.0,0.0
1769072803.4422255,0.0,0.0,0.07,0.0,0.0,0.0
1769072803.4620461,0.0,0.0,0.07,0.0,0.0,0.0
1769072803.4820654,0.0,0.0,0.07,0.0,0.0,0.0
1769072803.5020258,0.0,0.0,0.07,0.0,0.0,0.0
1769072803.5221424,0.0,0.0,0.07,0.0,0.0,0.0
1769072803.542049,0.0,0.0,0.07,0.0,0.0,0.0
1769072803.5620825,0.0,0.0,0.07,0.0,0.0,0.0
1769072803.5820527,0.0,0.0,0.07,0.0,0.0,0.0
1769072803.6023688,0.0,0.0,0.07,0.0,0.0,0.0
1769072803.6220515,0.0,0.0,0.07,0.0,0.0,0.0
1769072803.6420522,0.0,0.0,0.07,0.0,0.0,0.0
1769072803.6620166,0.0,0.0,0.07,0.0,0.0,0.0
1769072803.68205,0.0,0.0,0.07,0.0,0.0,0.0
1769072803.7020557,0.0,0.0,0.07,0.0,0.0,0.0
1769072803.7220395,0.0,0.0,0.07,0.0,0.0,0.0
1769072803.7420802,0.0,0.0,0.07,0.0,0.0,0.0
1769072803.7621484,0.0,0.0,0.07,0.0,0.0,0.0
1769072803.7820184,0.0,0.0,0.07,0.0,0.0,0.0
1769072803.8020346,0.0,0.0,0.07,0.0,0.0,0.0
1769072803.8220334,0.0,0.0,0.07,0.0,0.0,0.0
1769072803.8421643,0.0,0.0,0.07,0.0,0.0,0.0
1769072803.8621104,0.0,0.0,0.07,0.0,0.0,0.0
1769072803.882054,0.0,0.0,0.07,0.0,0.0,0.0
1769072803.9020133,0.0,0.0,0.07,0.0,0.0,0.0
1769072803.9221714,0.0,0.0,0.07,0.0,0.0,0.0
1769072803.942051,0.0,0.0,0.07,0.0,0.0,0.0
1769072803.9620156,0.0,0.0,0.07,0.0,0.0,0.0
1769072803.9820006,0.0,0.0,0.07,0.0,0.0,0.0
1769072804.0021183,0.0,0.0,0.07,0.0,0.0,0.0
1769072804.0220165,0.0,0.0,0.07,0.0,0.0,0.0
1769072804.0420587,0.0,0.0,0.07,0.0,0.0,0.0
1769072804.0620837,0.0,0.0,0.07,0.0,0.0,0.0
1769072804.0819666,0.0,0.0,0.07,0.0,0.0,0.0
1769072804.101972,0.0,0.0,0.07,0.0,0.0,0.0
1769072804.1220534,0.0,0.0,0.07,0.0,0.0,0.0
1769072804.142071,0.0,0.0,0.07,0.0,0.0,0.0
1769072804.1620471,0.0,0.0,0.07,0.0,0.0,0.0
1769072804.182007,0.0,0.0,0.07,0.0,0.0,0.0
1769072804.20205,0.0,0.0,0.07,0.0,0.0,0.0
1769072804.2219799,0.0,0.0,0.07,0.0,0.0,0.0
1769072804.241985,0.0,0.0,0.07,0.0,0.0,0.0
1769072804.2619898,0.0,0.0,0.07,0.0,0.0,0.0
1769072804.2820385,0.0,0.0,0.07,0.0,0.0,0.0
1769072804.3020048,0.0,0.0,0.07,0.0,0.0,0.0
1769072804.3220005,0.0,0.0,0.07,0.0,0.0,0.0
1769072804.3419864,0.0,0.0,0.07,0.0,0.0,0.0
1769072804.3620002,0.0,0.0,0.07,0.0,0.0,0.0
1769072804.3827252,0.0,0.0,0.07,0.0,0.0,0.0
1769072804.4020379,0.0,0.0,0.07,0.0,0.0,0.0
1769072804.4219892,0.0,0.0,0.07,0.0,0.0,0.0
1769072804.4419959,0.0,0.0,0.07,0.0,0.0,0.0
1769072804.4619644,0.0,0.0,0.07,0.0,0.0,0.0
1769072804.48198,0.0,0.0,0.07,0.0,0.0,0.0
1769072804.5020566,0.0,0.0,0.07,0.0,0.0,0.0
1769072804.5219543,0.0,0.0,0.07,0.0,0.0,0.0
1769072804.5419564,0.0,0.0,0.07,0.0,0.0,0.0
1769072804.5620565,0.0,0.0,0.07,0.0,0.0,0.0
1769072804.5819485,0.0,0.0,0.07,0.0,0.0,0.0
1769072804.601952,0.0,0.0,0.07,0.0,0.0,0.0
1769072804.62222,0.0,0.0,0.07,0.0,0.0,0.0
1769072804.6419647,0.0,0.0,0.07,0.0,0.0,0.0
1769072804.6619225,0.0,0.0,0.07,0.0,0.0,0.0
1769072804.6819897,0.0,0.0,0.07,0.0,0.0,0.0
1769072804.7019494,0.0,0.0,0.07,0.0,0.0,0.0
1769072804.7219813,0.0,0.0,0.07,0.0,0.0,0.0
1769072804.7419555,0.0,0.0,0.07,0.0,0.0,0.0
1769072804.7619898,0.0,0.0,0.07,0.0,0.0,0.0
1769072804.782151,0.0,0.0,0.07,0.0,0.0,0.0
1769072804.8020844,0.0,0.0,0.07,0.0,0.0,0.0
1769072804.8219662,0.0,0.0,0.07,0.0,0.0,0.0
1769072804.8419461,0.0,0.0,0.07,0.0,0.0,0.0
1769072804.8619783,0.0,0.0,0.07,0.0,0.0,0.0
1769072804.8819566,0.0,0.0,0.07,0.0,0.0,0.0
1769072804.9019203,0.0,0.0,0.07,0.0,0.0,0.0
1769072804.921924,0.0,0.0,0.07,0.0,0.0,0.0
1769072804.9419563,0.0,0.0,0.07,0.0,0.0,0.0
1769072804.961984,0.0,0.0,0.07,0.0,0.0,0.0
1769072804.9819305,0.0,0.0,0.07,0.0,0.0,0.0
1769072805.001959,0.0,0.0,0.07,0.0,0.0,0.0
1769072805.0219433,0.0,0.0,0.07,0.0,0.0,0.0
1769072805.0421038,0.0,0.0,0.07,0.0,0.0,0.0
1769072805.0620103,0.0,0.0,0.07,0.0,0.0,0.0
1769072805.0820148,0.0,0.0,0.07,0.0,0.0,0.0
1769072805.1020226,0.0,0.0,0.07,0.0,0.0,0.0
1769072805.12204,0.0,0.0,0.07,0.0,0.0,0.0
1769072805.142243,0.0,0.0,0.07,0.0,0.0,0.0
1769072805.1620042,0.0,0.0,0.07,0.0,0.0,0.0
1769072805.1820085,0.0,0.0,0.07,0.0,0.0,0.0
1769072805.2020473,0.0,0.0,0.07,0.0,0.0,0.0
1769072805.2219913,0.0,0.0,0.07,0.0,0.0,0.0
1769072805.2421505,0.0,0.0,0.07,0.0,0.0,0.0
1769072805.2620368,0.0,0.0,0.07,0.0,0.0,0.0
1769072805.2822542,0.0,0.0,0.07,0.0,0.0,0.0
1769072805.3021078,0.0,0.0,0.07,0.0,0.0,0.0
1769072805.3220043,0.0,0.0,0.07,0.0,0.0,0.0
1769072805.3420434,0.0,0.0,0.07,0.0,0.0,0.0
1769072805.3625393,0.0,0.0,0.07,0.0,0.0,0.0
1769072805.3820262,0.0,0.0,0.07,0.0,0.0,0.0
1769072805.402012,0.0,0.0,0.07,0.0,0.0,0.0
1769072805.4220848,0.0,0.0,0.07,0.0,0.0,0.0
1769072805.4421093,0.0,0.0,0.07,0.0,0.0,0.0
1769072805.4620273,0.0,0.0,0.07,0.0,0.0,0.0
1769072805.4819949,0.0,0.0,0.07,0.0,0.0,0.0
1769072805.5019848,0.0,0.0,0.07,0.0,0.0,0.0
1769072805.5220826,0.0,0.0,0.07,0.0,0.0,0.0
1769072805.5420516,0.0,0.0,0.07,0.0,0.0,0.0
1769072805.5621016,0.0,0.0,0.07,0.0,0.0,0.0
1769072805.582077,0.0,0.0,0.07,0.0,0.0,0.0
1769072805.6021159,0.0,0.0,0.07,0.0,0.0,0.0
1769072805.6220372,0.0,0.0,0.07,0.0,0.0,0.0
1769072805.6420476,0.0,0.0,0.07,0.0,0.0,0.0
1769072805.662085,0.0,0.0,0.07,0.0,0.0,0.0
1769072805.682128,0.0,0.0,0.07,0.0,0.0,0.0
1769072805.7020435,0.0,0.0,0.07,0.0,0.0,0.0
1769072805.722053,0.0,0.0,0.07,0.0,0.0,0.0
1769072805.7420986,0.0,0.0,0.07,0.0,0.0,0.0
1769072805.7621746,0.0,0.0,0.07,0.0,0.0,0.0
1769072805.7820554,0.0,0.0,0.07,0.0,0.0,0.0
1769072805.802114,0.0,0.0,0.07,0.0,0.0,0.0
1769072805.8222055,0.0,0.0,0.07,0.0,0.0,0.0
1769072805.8421943,0.0,0.0,0.07,0.0,0.0,0.0
1769072805.8620648,0.0,0.0,0.07,0.0,0.0,0.0
1769072805.8821156,0.0,0.0,0.07,0.0,0.0,0.0
1769072805.9020422,0.0,0.0,0.07,0.0,0.0,0.0
1769072805.9221473,0.0,0.0,0.07,0.0,0.0,0.0
1769072805.9420383,0.0,0.0,0.07,0.0,0.0,0.0
1769072805.9620426,0.0,0.0,0.07,0.0,0.0,0.0
1769072805.9820516,0.0,0.0,0.07,0.0,0.0,0.0
1769072806.0023584,0.0,0.0,0.07,0.0,0.0,0.0
1769072806.0220275,0.0,0.0,0.07,0.0,0.0,0.0
1769072806.0421026,0.0,0.0,0.07,0.0,0.0,0.0
1769072806.0624719,0.0,0.0,0.07,0.0,0.0,0.0
1769072806.082156,0.0,0.0,0.07,0.0,0.0,0.0
1769072806.1020553,0.0,0.0,0.07,0.0,0.0,0.0
1769072806.1220498,0.0,0.0,0.07,0.0,0.0,0.0
1769072806.142103,0.0,0.0,0.07,0.0,0.0,0.0
1769072806.1621723,0.0,0.0,0.07,0.0,0.0,0.0
1769072806.1820624,0.0,0.0,0.07,0.0,0.0,0.0
1769072806.202057,0.0,0.0,0.07,0.0,0.0,0.0
